rating,ratings_count,metacritic,playtime,added,suggestions_count,genre::Action,genre::Adventure,genre::Arcade,genre::Board Games,genre::Card,genre::Casual,genre::Educational,genre::Family,genre::Fighting,genre::Indie,genre::Massively Multiplayer,genre::Platformer,genre::Puzzle,genre::RPG,genre::Racing,genre::Shooter,genre::Simulation,genre::Sports,genre::Strategy
0.46150700477694834,0.11314854829288397,3.5405914769029923,-0.04427929117267983,-0.07738943564201321,-0.11102580897608011,1.5,1.5,0.0,0.0,0.0,0.0,0.0,0.0,0.0,0.0,0.0,0.0,0.0,1.5,0.0,0.0,0.0,0.0,0.0
-4.12258379920308,-0.3137017622690578,3.1433970101200672,-0.4677151357201644,-0.27505661493165,-0.8936471310847166,0.0,0.0,0.0,0.0,0.0,0.0,0.0,0.0,1.5,0.0,0.0,0.0,0.0,0.0,0.0,0.0,0.0,0.0,0.0
0.46150700477694834,-0.2715620684272866,3.1433970101200672,-0.10477012610803477,-0.24330974294590263,0.028648817915829523,1.5,0.0,0.0,0.0,0.0,0.0,0.0,0.0,1.5,0.0,0.0,0.0,0.0,0.0,0.0,0.0,0.0,0.0,0.0
0.45104104403726814,-0.18728268074374407,2.7462025433371426,-0.3467334658494545,-0.20630747661116322,-0.09107229084866446,1.5,1.5,0.0,0.0,0.0,0.0,0.0,0.0,0.0,0.0,0.0,0.0,0.0,0.0,0.0,1.5,0.0,0.0,0.0
0.4301091225579068,0.06753852672296684,2.7462025433371426,1.226028242469774,-0.1028083838197907,-0.13541344224292148,0.0,0.0,0.0,0.0,0.0,0.0,0.0,0.0,0.0,0.0,0.0,1.5,0.0,0.0,0.0,0.0,0.0,0.0,0.0
0.4196431618182266,-0.10647362078834742,2.7462025433371426,0.6211198931162245,-0.16833993376334366,-0.09772346355780301,0.0,0.0,0.0,0.0,0.0,0.0,0.0,0.0,0.0,0.0,0.0,1.5,0.0,0.0,0.0,0.0,0.0,0.0,0.0
0.03240261445005095,-0.22694356906541113,2.7462025433371426,0.137193213633385,-0.16351355119794286,0.050819393612958036,1.5,0.0,0.0,0.0,0.0,0.0,0.0,0.0,0.0,0.0,0.0,0.0,0.0,0.0,0.0,1.5,0.0,0.0,0.0
0.5033708477356701,0.6307231408906392,2.7462025433371426,-0.4677151357201644,0.1372237090994753,0.15502109938946207,0.0,0.0,1.5,0.0,0.0,0.0,0.0,0.0,0.0,0.0,0.0,1.5,0.0,0.0,0.0,0.0,0.0,0.0,0.0
0.5661666121737532,1.2400135377322494,2.7462025433371426,6.851675891457783,0.3954888028213665,-0.19083988148574277,1.5,1.5,0.0,0.0,0.0,0.0,0.0,0.0,0.0,0.0,0.0,0.0,0.0,1.5,0.0,0.0,0.0,0.0,0.0
0.5138368084753503,0.1508263921984677,2.7462025433371426,0.6816107280515795,0.20725988277073568,0.39446331691845,0.0,1.5,0.0,0.0,0.0,0.0,0.0,0.0,0.0,0.0,0.0,0.0,0.0,1.5,0.0,0.0,0.0,0.0,1.5
0.45104104403726814,-0.21554106367293185,2.3490080765542176,-0.4677151357201644,-0.22636377749405093,-0.3083439326805239,0.0,0.0,0.0,0.0,0.0,0.0,0.0,0.0,0.0,0.0,0.0,0.0,0.0,0.0,0.0,1.5,0.0,0.0,0.0
0.22078990776429888,-0.2502443409543905,2.3490080765542176,-0.4072243007848094,-0.05979995251477477,0.29247866871165884,0.0,0.0,0.0,0.0,0.0,0.0,0.0,0.0,0.0,0.0,0.0,0.0,0.0,0.0,0.0,1.5,0.0,0.0,0.0
0.4824389262563097,-0.08713893773153474,2.3490080765542176,-0.4677151357201644,-0.09261935395950015,0.17275755994716485,1.5,1.5,0.0,0.0,0.0,0.0,0.0,0.0,0.0,0.0,0.0,0.0,0.0,0.0,0.0,0.0,0.0,0.0,0.0
0.46150700477694834,0.876620648484975,2.3490080765542176,-0.28624263091409957,0.9528823626522089,0.17275755994716485,1.5,0.0,0.0,0.0,0.0,0.0,0.0,0.0,0.0,0.0,0.0,0.0,0.0,0.0,0.0,1.5,0.0,0.0,0.0
0.47197296551662854,0.5662741973679302,2.3490080765542176,0.3186657184394498,0.15888880417082996,0.5651767497863396,1.5,0.0,0.0,0.0,0.0,0.0,0.0,0.0,0.0,0.0,0.0,0.0,0.0,0.0,0.0,1.5,0.0,0.0,0.0
0.6812921803102373,2.348039605218823,2.3490080765542176,0.8025923979222893,1.5051277810799573,0.4897967924161026,1.5,0.0,0.0,0.0,0.0,0.0,0.0,0.0,0.0,0.0,0.0,0.0,0.0,0.0,0.0,0.0,0.0,0.0,0.0
0.5661666121737532,1.6822324425188373,2.3490080765542176,-0.04427929117267983,1.4377729310561418,0.36564156851218294,1.5,0.0,0.0,0.0,0.0,0.0,0.0,0.0,0.0,0.0,0.0,0.0,0.0,0.0,0.0,1.5,0.0,0.0,0.0
0.45104104403726814,-0.03855434953749257,2.3490080765542176,-0.4072243007848094,-0.170270486789504,0.08850937229807651,0.0,0.0,0.0,0.0,0.0,0.0,0.0,0.0,1.5,0.0,0.0,0.0,0.0,0.0,0.0,0.0,0.0,0.0,0.0
0.4196431618182266,-0.03706706622543006,2.3490080765542176,0.25817488350409484,-0.15032143885251403,-0.4945767685364034,1.5,0.0,0.0,0.0,0.0,0.0,0.0,0.0,0.0,0.0,0.0,0.0,0.0,0.0,0.0,1.5,0.0,0.0,0.0
0.4091772010785464,-0.26115108524284897,2.3490080765542176,-0.4677151357201644,-0.24706359605232545,-0.19749105419488133,0.0,0.0,0.0,0.0,0.0,0.0,0.0,0.0,0.0,0.0,0.0,0.0,0.0,0.0,1.5,0.0,0.0,0.0,0.0
0.4196431618182266,-0.10597785968432659,1.951813609771293,0.9235740677929992,-0.15729288033587074,0.015346472497552414,1.5,1.5,0.0,0.0,0.0,0.0,0.0,0.0,0.0,0.0,0.0,0.0,0.0,0.0,0.0,0.0,0.0,0.0,0.0
0.46150700477694834,0.4998422094291379,1.951813609771293,0.8630832328576443,0.49416151304733824,-0.15093284523091144,0.0,0.0,0.0,0.0,0.0,0.0,0.0,0.0,0.0,0.0,0.0,0.0,0.0,1.5,0.0,0.0,0.0,0.0,1.5
0.35684739738014437,-0.23785031335386958,1.951813609771293,-0.4072243007848094,-0.23558753084126136,0.31908335954821304,0.0,0.0,0.0,0.0,0.0,0.0,0.0,0.0,0.0,0.0,0.0,0.0,0.0,1.5,0.0,0.0,0.0,0.0,1.5
0.6708262195705571,2.6544199675037015,1.951813609771293,0.19768404856873992,1.9463664005034873,0.3634245109424701,0.0,0.0,0.0,0.0,0.0,0.0,0.0,0.0,0.0,0.0,0.0,0.0,1.5,0.0,0.0,1.5,0.0,0.0,0.0
0.15799414332621578,-0.040537393953575925,1.951813609771293,-0.1652609610433897,-0.019580097803101514,0.23261811432941185,1.5,0.0,1.5,0.0,0.0,0.0,0.0,0.0,0.0,0.0,0.0,0.0,0.0,0.0,0.0,0.0,0.0,0.0,0.0
0.44057508329758793,-0.027151844145013287,1.951813609771293,1.226028242469774,-0.13155217332039987,-0.3194292205290881,1.5,1.5,0.0,0.0,0.0,0.0,0.0,0.0,0.0,0.0,0.0,0.0,0.0,0.0,0.0,0.0,0.0,0.0,0.0
0.6289623766118354,1.3153692255434168,1.951813609771293,0.43964738831015965,0.4913729364539956,0.5252697135315082,1.5,1.5,0.0,0.0,0.0,0.0,0.0,0.0,0.0,0.0,0.0,0.0,0.0,0.0,0.0,0.0,0.0,0.0,0.0
0.5033708477356701,0.7561507002079113,1.951813609771293,-0.10477012610803477,0.510034949040212,0.14615286911061062,1.5,0.0,0.0,0.0,0.0,0.0,0.0,0.0,0.0,0.0,0.0,0.0,0.0,0.0,0.0,1.5,0.0,0.0,0.0
0.335915475900783,1.2087805881789366,1.951813609771293,0.137193213633385,1.128991699816389,0.26365692030539173,1.5,0.0,0.0,0.0,0.0,0.0,0.0,0.0,0.0,0.0,0.0,0.0,0.0,0.0,0.0,0.0,0.0,0.0,0.0
0.47197296551662854,0.3833383499842409,1.951813609771293,3.2827166302718416,0.5810363992245525,0.40554860476701426,1.5,0.0,0.0,0.0,0.0,0.0,0.0,0.0,0.0,0.0,0.0,0.0,0.0,1.5,0.0,0.0,0.0,0.0,0.0
0.45104104403726814,-0.24132064108201545,1.5546191429883682,2.072899931564743,-0.2366600603002393,0.3102151292693616,0.0,0.0,0.0,0.0,0.0,0.0,0.0,0.0,0.0,0.0,0.0,0.0,0.0,1.5,0.0,0.0,0.0,0.0,0.0
0.4824389262563097,-0.23735455224984875,1.5546191429883682,0.9235740677929992,-0.23826885448870622,0.057470566322096586,0.0,0.0,1.5,0.0,0.0,0.0,0.0,0.0,0.0,0.0,0.0,0.0,0.0,0.0,1.5,0.0,0.0,0.0,0.0
0.28358567220238107,-0.2561934742026406,1.5546191429883682,-0.4677151357201644,-0.24406051356718717,0.2836104384328074,1.5,1.5,0.0,0.0,0.0,0.0,0.0,0.0,0.0,0.0,0.0,0.0,0.0,0.0,0.0,0.0,0.0,0.0,0.0
0.4824389262563097,-0.05094837713801353,1.5546191429883682,-0.4072243007848094,-0.16211926290127154,0.10181171771635361,1.5,0.0,0.0,0.0,0.0,0.0,0.0,0.0,0.0,0.0,0.0,0.0,0.0,1.5,0.0,0.0,0.0,0.0,0.0
0.4091772010785464,0.15727128655073858,1.5546191429883682,-0.22575179597874465,0.07844909474748343,0.30578101412993597,0.0,1.5,0.0,0.0,0.0,0.0,0.0,0.0,0.0,1.5,0.0,0.0,0.0,1.5,0.0,0.0,0.0,0.0,0.0
0.44057508329758793,0.037297099377695694,1.5546191429883682,0.19768404856873992,-0.06902370586198517,-0.24183220558913834,1.5,0.0,0.0,0.0,0.0,0.0,0.0,0.0,0.0,0.0,0.0,0.0,0.0,0.0,0.0,0.0,0.0,0.0,0.0
0.5243027692150315,1.1983696049944992,1.5546191429883682,-0.3467334658494545,0.7748424724618688,-0.02234350618756606,1.5,0.0,0.0,0.0,0.0,0.0,0.0,0.0,0.0,0.0,0.0,0.0,0.0,0.0,0.0,0.0,0.0,0.0,0.0
0.4091772010785464,-0.3077526290208078,1.5546191429883682,-0.4677151357201644,-0.2716245206629206,-0.5965614167431945,1.5,0.0,0.0,0.0,0.0,0.0,0.0,0.0,0.0,0.0,0.0,0.0,0.0,0.0,0.0,1.5,0.0,0.0,0.0
0.27311971146270086,-0.29089675148409927,1.5546191429883682,-0.4677151357201644,-0.2662618733680308,-0.020126448617853208,0.0,0.0,0.0,0.0,0.0,0.0,0.0,0.0,0.0,0.0,0.0,0.0,0.0,0.0,0.0,0.0,0.0,0.0,1.5
0.3987112403388661,-0.23884183556191127,1.5546191429883682,-0.1652609610433897,-0.23859061332639964,0.04195116333410663,0.0,0.0,1.5,0.0,0.0,0.0,0.0,0.0,0.0,0.0,0.0,0.0,0.0,0.0,0.0,0.0,0.0,1.5,0.0
0.3254495151611028,-0.07375338792297209,1.5546191429883682,-0.4072243007848094,0.07834184180158565,0.16388932966831346,1.5,0.0,0.0,0.0,0.0,0.0,0.0,0.0,0.0,0.0,0.0,0.0,0.0,0.0,0.0,1.5,0.0,0.0,0.0
0.4929048869959899,0.7521846113757445,1.5546191429883682,0.7421015629869344,0.4398915224230538,0.5075332529738054,1.5,0.0,0.0,0.0,0.0,0.0,0.0,0.0,0.0,0.0,0.0,0.0,0.0,0.0,0.0,0.0,0.0,0.0,0.0
0.5033708477356701,2.085286220087779,1.5546191429883682,2.3148632713061628,1.51424428148127,0.4587579864401227,1.5,0.0,0.0,0.0,0.0,0.0,0.0,0.0,0.0,0.0,0.0,0.0,0.0,1.5,0.0,0.0,0.0,0.0,0.0
0.5243027692150315,-0.29684588473234935,1.5546191429883682,-0.4677151357201644,-0.2648675850713595,-0.7672748496110842,0.0,0.0,0.0,0.0,0.0,0.0,0.0,0.0,0.0,0.0,0.0,0.0,0.0,0.0,0.0,1.5,0.0,0.0,0.0
0.47197296551662854,0.2504743741066562,1.5546191429883682,-0.4072243007848094,-0.031377921851859,0.8001848521759017,1.5,0.0,0.0,0.0,0.0,0.0,0.0,0.0,0.0,0.0,0.0,0.0,0.0,0.0,0.0,0.0,0.0,0.0,0.0
0.44057508329758793,-0.24181640218603628,1.5546191429883682,-0.4072243007848094,-0.24073567224435555,0.37450979879103435,0.0,1.5,0.0,0.0,0.0,0.0,0.0,0.0,0.0,0.0,0.0,0.0,0.0,0.0,0.0,0.0,0.0,0.0,0.0
0.37777931885950483,-0.24627825212222385,1.5546191429883682,-0.4677151357201644,-0.24459677829667617,-0.19305693905545562,0.0,0.0,0.0,0.0,0.0,0.0,0.0,0.0,0.0,0.0,0.0,0.0,0.0,0.0,0.0,0.0,0.0,0.0,1.5
0.4824389262563097,0.05514449912244588,1.5546191429883682,0.25817488350409484,-0.11246114895059228,-0.33273156594736525,0.0,0.0,0.0,0.0,0.0,0.0,0.0,0.0,0.0,0.0,0.0,1.5,0.0,0.0,0.0,0.0,0.0,0.0,0.0
-0.06179103220707325,-0.30626534570874525,1.5546191429883682,-0.4677151357201644,-0.2692649558531691,-0.7827942525990741,0.0,0.0,0.0,0.0,0.0,0.0,0.0,0.0,0.0,0.0,0.0,1.5,0.0,0.0,0.0,0.0,0.0,0.0,0.0
0.17892606480557713,-0.13027015378134765,1.5546191429883682,-0.4072243007848094,0.042519357871721994,0.3434709928150544,0.0,0.0,0.0,0.0,0.0,0.0,0.0,0.0,0.0,0.0,0.0,0.0,0.0,0.0,0.0,0.0,0.0,0.0,1.5
-0.5536911869720533,-0.061855121426471975,1.5546191429883682,-0.4072243007848094,0.2935985042184609,-0.12211109682464437,1.5,0.0,0.0,0.0,0.0,0.0,0.0,0.0,0.0,0.0,0.0,1.5,0.0,0.0,0.0,0.0,0.0,1.5,0.0
0.5452346906943919,1.195395038370374,1.5546191429883682,0.8630832328576443,0.7365531707763557,0.4565409288704098,1.5,0.0,0.0,0.0,0.0,0.0,0.0,0.0,0.0,0.0,0.0,0.0,0.0,1.5,0.0,0.0,0.0,0.0,0.0
0.46150700477694834,0.01498784969675797,1.5546191429883682,0.7421015629869344,-0.042639481171127515,0.3833780290698857,1.5,0.0,0.0,0.0,0.0,0.0,0.0,0.0,0.0,0.0,0.0,0.0,0.0,0.0,0.0,1.5,0.0,0.0,0.0
0.6394283373515156,2.1938579018683426,1.5546191429883682,0.43964738831015965,1.2637013998640199,0.45210681373098416,1.5,0.0,0.0,0.0,0.0,0.0,0.0,0.0,0.0,0.0,0.0,0.0,0.0,0.0,0.0,0.0,0.0,0.0,0.0
0.35684739738014437,0.041263188209862404,1.1574246762054434,0.8630832328576443,0.04541518741096247,0.5696108649257652,0.0,0.0,0.0,0.0,0.0,0.0,0.0,0.0,0.0,0.0,0.0,0.0,0.0,0.0,0.0,1.5,0.0,0.0,0.0
0.4196431618182266,-0.26710021849109905,1.1574246762054434,-0.28624263091409957,-0.18206831083826147,-0.5566543804883632,0.0,0.0,0.0,0.0,0.0,0.0,0.0,0.0,0.0,1.5,0.0,0.0,0.0,1.5,0.0,0.0,1.5,0.0,1.5
-0.2711102470006816,-0.03359673849728419,1.1574246762054434,-0.04427929117267983,0.3490482772476211,0.10402877528606647,0.0,0.0,0.0,0.0,0.0,0.0,0.0,0.0,0.0,0.0,0.0,0.0,0.0,0.0,0.0,0.0,0.0,0.0,1.5
0.37777931885950483,-0.15952005891857712,1.1574246762054434,0.9840649027283541,-0.20813077669142574,-0.3704215446324837,1.5,0.0,0.0,0.0,0.0,1.5,0.0,0.0,1.5,0.0,0.0,0.0,0.0,0.0,0.0,0.0,0.0,0.0,0.0
0.46150700477694834,-0.07028306019482622,1.1574246762054434,-0.1652609610433897,0.06364818821358768,0.3368198201059158,1.5,1.5,0.0,0.0,0.0,0.0,0.0,0.0,0.0,0.0,0.0,0.0,0.0,0.0,0.0,1.5,0.0,0.0,0.0
0.4929048869959899,-0.258176518618724,1.1574246762054434,-0.4677151357201644,-0.2457765607015519,-0.2662198388559797,0.0,0.0,0.0,0.0,0.0,0.0,0.0,0.0,0.0,0.0,0.0,0.0,0.0,0.0,1.5,0.0,0.0,0.0,0.0
-0.14551871812451678,-0.28246881271574503,1.1574246762054434,-0.4072243007848094,-0.25693086707492263,-0.4458015020027206,0.0,0.0,0.0,0.0,0.0,0.0,0.0,0.0,0.0,0.0,0.0,0.0,0.0,0.0,1.5,0.0,0.0,0.0,0.0
0.4824389262563097,-0.24925281874634886,1.1574246762054434,-0.4072243007848094,-0.22968861881688263,0.3146492444087874,1.5,1.5,0.0,0.0,0.0,0.0,0.0,0.0,0.0,0.0,0.0,0.0,0.0,0.0,0.0,0.0,0.0,0.0,0.0
-0.16645063960387765,-0.21653258588097354,1.1574246762054434,-0.4072243007848094,-0.20266087645063818,-0.8448718645510338,0.0,0.0,1.5,0.0,0.0,1.5,0.0,0.0,0.0,1.5,0.0,0.0,1.5,0.0,0.0,0.0,0.0,0.0,0.0
0.22078990776429888,0.4899269873487211,1.1574246762054434,-0.4072243007848094,0.5045650487994244,0.1306334661226207,1.5,0.0,0.0,0.0,0.0,0.0,0.0,0.0,0.0,0.0,0.0,0.0,0.0,0.0,0.0,1.5,0.0,0.0,0.0
0.5138368084753503,0.6951720844133482,1.1574246762054434,0.137193213633385,0.6906489099320994,0.47427738942811265,1.5,1.5,0.0,0.0,0.0,0.0,0.0,0.0,0.0,1.5,0.0,0.0,0.0,1.5,0.0,0.0,0.0,0.0,0.0
0.4929048869959899,0.6446044518032227,1.1574246762054434,-0.4677151357201644,0.5077826371763583,0.49866502269495405,1.5,1.5,0.0,0.0,0.0,0.0,0.0,0.0,0.0,0.0,0.0,0.0,0.0,0.0,0.0,1.5,0.0,0.0,0.0
-4.12258379920308,-0.31122295674895367,1.1574246762054434,-0.4677151357201644,-0.2729115560136941,-0.8936471310847166,1.5,0.0,0.0,0.0,0.0,0.0,0.0,0.0,0.0,0.0,0.0,0.0,0.0,0.0,0.0,0.0,0.0,0.0,0.0
0.4196431618182266,-0.2740408739473908,1.1574246762054434,-0.10477012610803477,-0.2574671318044116,-0.31056099025023676,0.0,1.5,0.0,0.0,0.0,0.0,0.0,0.0,0.0,0.0,0.0,0.0,1.5,0.0,0.0,0.0,0.0,0.0,0.0
0.4301091225579068,-0.0375628273294509,1.1574246762054434,0.6816107280515795,-0.08693494782691699,1.6870078800610422,1.5,1.5,0.0,0.0,0.0,0.0,0.0,0.0,0.0,0.0,0.0,0.0,0.0,0.0,0.0,0.0,0.0,0.0,0.0
0.5766325729134334,1.5111948616316482,1.1574246762054434,-0.4677151357201644,0.7441681299350993,0.618386131459448,1.5,0.0,0.0,0.0,0.0,0.0,0.0,0.0,0.0,0.0,0.0,0.0,0.0,0.0,0.0,1.5,0.0,0.0,0.0
0.47197296551662854,-0.2383460744578904,1.1574246762054434,-0.1652609610433897,-0.23376423076099884,-0.05338231216354598,0.0,0.0,0.0,0.0,0.0,0.0,0.0,0.0,0.0,0.0,0.0,0.0,0.0,1.5,0.0,0.0,0.0,0.0,0.0
0.4824389262563097,-0.2938713181082243,1.1574246762054434,-0.4677151357201644,-0.2616499966944256,-0.09550640598809015,0.0,0.0,0.0,0.0,0.0,0.0,0.0,0.0,0.0,0.0,0.0,0.0,0.0,0.0,1.5,0.0,0.0,1.5,0.0
0.29405163294206127,-0.2894094681720368,1.1574246762054434,-0.4677151357201644,-0.2593976848305719,-0.05338231216354598,0.0,0.0,0.0,0.0,0.0,0.0,0.0,0.0,0.0,0.0,0.0,0.0,0.0,1.5,0.0,0.0,0.0,0.0,0.0
0.45104104403726814,-0.19719790282416083,1.1574246762054434,3.040753290530422,-0.21917783011889866,-0.060033484872684534,1.5,0.0,0.0,0.0,0.0,0.0,0.0,0.0,0.0,0.0,0.0,1.5,0.0,0.0,0.0,0.0,0.0,0.0,0.0
0.3987112403388661,-0.23388422452170288,1.1574246762054434,-0.28624263091409957,-0.21746178298453392,0.4410215258824199,1.5,0.0,0.0,0.0,0.0,0.0,0.0,0.0,0.0,0.0,0.0,0.0,0.0,0.0,0.0,1.5,0.0,0.0,0.0
0.5870985336531136,1.6599231928378997,1.1574246762054434,-0.3467334658494545,1.0074741121141868,0.20601342349285764,1.5,0.0,0.0,0.0,0.0,0.0,0.0,0.0,0.0,0.0,0.0,0.0,0.0,0.0,0.0,0.0,0.0,0.0,0.0
0.4301091225579068,-0.2834603349237867,1.1574246762054434,-0.4677151357201644,-0.26229351436981235,-0.3792897749113351,0.0,0.0,0.0,0.0,0.0,0.0,0.0,0.0,0.0,0.0,0.0,0.0,0.0,0.0,0.0,0.0,0.0,0.0,1.5
0.3045175936817424,-0.30725686791678697,1.1574246762054434,-0.4677151357201644,-0.27280430306779635,-0.06446760001211023,0.0,0.0,0.0,0.0,0.0,0.0,0.0,0.0,0.0,0.0,0.0,0.0,0.0,0.0,0.0,0.0,1.5,1.5,0.0
0.21032394702461776,-0.1734013698311606,1.1574246762054434,1.5284824171465485,-0.1859294168905821,0.07520702687979941,0.0,1.5,0.0,0.0,0.0,0.0,0.0,0.0,0.0,0.0,0.0,0.0,0.0,0.0,0.0,0.0,0.0,0.0,0.0
0.47197296551662854,0.0838986431556545,1.1574246762054434,-0.4677151357201644,-0.10098508373952818,0.5319208862406468,0.0,0.0,0.0,0.0,0.0,0.0,0.0,0.0,0.0,0.0,0.0,0.0,0.0,0.0,0.0,0.0,0.0,0.0,1.5
0.45104104403726814,0.22023294676138505,1.1574246762054434,-0.4677151357201644,-0.03652606325495318,0.24813751731740183,0.0,0.0,0.0,0.0,0.0,0.0,0.0,0.0,1.5,0.0,0.0,0.0,0.0,0.0,0.0,0.0,0.0,0.0,0.0
0.4824389262563097,0.15727128655073858,1.1574246762054434,0.5606290581808696,0.017851180315229063,0.37672685636074715,1.5,0.0,0.0,0.0,0.0,0.0,0.0,0.0,0.0,0.0,0.0,0.0,0.0,0.0,0.0,0.0,0.0,0.0,0.0
0.4301091225579068,0.3957323775847618,1.1574246762054434,5.883822532492104,0.2379342252975051,0.3634245109424701,1.5,1.5,0.0,0.0,0.0,0.0,0.0,0.0,0.0,0.0,0.0,0.0,0.0,1.5,0.0,0.0,0.0,0.0,0.0
-0.33390601143876425,-0.3097356734368911,0.7602302094225186,-0.4677151357201644,-0.27216078539240957,-0.8005307131567769,0.0,0.0,0.0,0.0,0.0,0.0,0.0,0.0,0.0,0.0,0.0,0.0,0.0,0.0,0.0,0.0,0.0,0.0,1.5
0.45104104403726814,-0.11886764838886839,0.7602302094225186,-0.22575179597874465,-0.10774201933108929,0.11954817827405642,0.0,0.0,0.0,0.0,0.0,0.0,0.0,0.0,0.0,0.0,0.0,0.0,0.0,1.5,0.0,0.0,0.0,0.0,0.0
0.4929048869959899,0.052169932498320845,0.7602302094225186,0.137193213633385,-0.03631155736315759,0.7159366645268135,1.5,0.0,0.0,0.0,0.0,0.0,0.0,0.0,0.0,0.0,0.0,0.0,0.0,0.0,0.0,0.0,0.0,0.0,0.0
0.46150700477694834,-0.2502443409543905,0.7602302094225186,-0.4677151357201644,-0.24534754891796073,-0.19083988148574277,0.0,0.0,0.0,0.0,0.0,0.0,0.0,0.0,0.0,0.0,0.0,0.0,0.0,0.0,0.0,0.0,0.0,1.5,0.0
0.44057508329758793,-0.1282871093652643,0.7602302094225186,-0.4677151357201644,-0.19665471148036162,-0.08663817570923875,1.5,0.0,0.0,0.0,0.0,0.0,0.0,0.0,1.5,0.0,0.0,0.0,0.0,0.0,0.0,0.0,0.0,0.0,0.0
0.3149835544214226,-0.2780069627795575,0.7602302094225186,-0.4677151357201644,-0.2558583376159447,-0.11324286654579296,0.0,0.0,0.0,0.0,0.0,0.0,0.0,0.0,1.5,0.0,0.0,0.0,0.0,0.0,0.0,0.0,0.0,0.0,0.0
0.45104104403726814,-0.1877784418477649,0.7602302094225186,-0.3467334658494545,-0.22218091260403694,-0.09550640598809015,1.5,0.0,0.0,0.0,0.0,0.0,0.0,0.0,0.0,0.0,0.0,0.0,0.0,0.0,0.0,1.5,0.0,0.0,0.0
0.45104104403726814,0.6441086906992018,0.7602302094225186,0.25817488350409484,0.4184409332434947,0.6050837860411709,1.5,0.0,0.0,0.0,0.0,0.0,0.0,0.0,0.0,0.0,0.0,0.0,0.0,0.0,0.0,0.0,0.0,0.0,0.0
0.26265375072302066,-0.29833316804441184,0.7602302094225186,-0.4072243007848094,-0.26722714988111096,-0.3526850840747809,0.0,0.0,0.0,0.0,0.0,0.0,0.0,0.0,0.0,0.0,0.0,0.0,0.0,0.0,0.0,0.0,0.0,0.0,1.5
0.44057508329758793,0.9098366424543712,0.7602302094225186,0.01621154376267511,0.9724023988056077,0.6095179011805966,1.5,1.5,0.0,0.0,0.0,0.0,0.0,0.0,0.0,0.0,0.0,0.0,0.0,0.0,0.0,0.0,0.0,0.0,0.0
-1.68401494685754,-0.3077526290208078,0.7602302094225186,-0.22575179597874465,-0.23526577200356794,-0.19305693905545562,0.0,0.0,0.0,0.0,0.0,0.0,0.0,0.0,0.0,1.5,0.0,0.0,0.0,0.0,0.0,0.0,1.5,1.5,1.5
0.37777931885950483,-0.2958543625243077,0.7602302094225186,-0.4677151357201644,-0.2647603321254617,-0.7096313527985499,0.0,0.0,0.0,0.0,1.5,1.5,1.5,0.0,0.0,1.5,0.0,0.0,1.5,0.0,0.0,0.0,0.0,0.0,0.0
-0.11412083590547523,-0.2393375966659321,0.7602302094225186,0.5001382232455147,-0.1658731160076944,-0.0932893484183773,0.0,0.0,0.0,0.0,0.0,0.0,0.0,0.0,0.0,0.0,0.0,0.0,0.0,0.0,1.5,0.0,0.0,0.0,0.0
0.4196431618182266,-0.291888273692141,0.7602302094225186,-0.4677151357201644,-0.2558583376159447,-0.2573516085771283,1.5,1.5,0.0,0.0,0.0,0.0,0.0,0.0,0.0,0.0,0.0,0.0,0.0,0.0,0.0,0.0,0.0,0.0,0.0
0.3673133581198246,-0.2834603349237867,0.7602302094225186,-0.4677151357201644,-0.24663458426873427,-0.011258218339001803,1.5,1.5,0.0,0.0,0.0,0.0,0.0,0.0,0.0,0.0,0.0,0.0,0.0,1.5,0.0,0.0,0.0,0.0,0.0
0.06380049666909204,-0.30676110681276614,0.7602302094225186,-0.4677151357201644,-0.2709810029875338,-0.7495383890533813,0.0,0.0,0.0,0.0,0.0,1.5,0.0,1.5,0.0,1.5,0.0,0.0,1.5,0.0,0.0,0.0,1.5,0.0,0.0
0.44057508329758793,0.07150461555513354,0.7602302094225186,-0.10477012610803477,-0.109994331194943,-0.381506832481048,0.0,0.0,1.5,0.0,0.0,0.0,0.0,0.0,0.0,0.0,0.0,1.5,0.0,0.0,0.0,0.0,0.0,0.0,0.0
0.47197296551662854,0.5861046415287637,0.7602302094225186,-0.10477012610803477,0.20243350020533485,0.49644796512524114,1.5,0.0,0.0,0.0,0.0,0.0,0.0,0.0,0.0,0.0,0.0,0.0,0.0,0.0,0.0,1.5,0.0,0.0,0.0
0.3045175936817424,-0.2507401020584114,0.7602302094225186,-0.4677151357201644,-0.24384600767539158,-0.46132090499071066,1.5,0.0,0.0,0.0,0.0,0.0,0.0,0.0,0.0,0.0,0.0,0.0,0.0,0.0,0.0,1.5,0.0,0.0,0.0
-4.12258379920308,-0.31271024006101616,0.7602302094225186,-0.4677151357201644,-0.2738768325267743,-0.06225054244239739,0.0,0.0,0.0,0.0,0.0,0.0,0.0,0.0,0.0,0.0,0.0,0.0,0.0,0.0,0.0,0.0,0.0,0.0,1.5
0.14752818258653558,-0.294862840316266,0.7602302094225186,-0.4677151357201644,-0.26540384980084847,0.3612074533727572,0.0,0.0,0.0,0.0,0.0,0.0,0.0,0.0,0.0,0.0,0.0,0.0,0.0,0.0,1.5,0.0,0.0,0.0,0.0
0.46150700477694834,-0.1917445306799316,0.7602302094225186,-0.4677151357201644,-0.21778354182222734,0.09959466014664076,0.0,0.0,0.0,0.0,0.0,0.0,0.0,0.0,0.0,0.0,0.0,0.0,0.0,1.5,0.0,0.0,0.0,0.0,1.5
0.45104104403726814,-0.21801986919303606,0.7602302094225186,0.37915655337480475,-0.22550575392686856,-0.13319638467320863,1.5,0.0,0.0,0.0,0.0,0.0,0.0,0.0,0.0,0.0,0.0,1.5,0.0,0.0,0.0,0.0,0.0,0.0,0.0
-1.3491042031877662,-0.2056258415925151,0.7602302094225186,-0.4072243007848094,0.167254533950858,0.1483699266803235,0.0,0.0,0.0,0.0,0.0,0.0,0.0,0.0,0.0,0.0,0.0,0.0,0.0,0.0,0.0,0.0,0.0,0.0,1.5
0.46150700477694834,-0.11837188728484754,0.7602302094225186,-0.4677151357201644,-0.17788544594824746,-0.7406701587745299,0.0,0.0,0.0,0.0,0.0,0.0,0.0,0.0,0.0,0.0,0.0,0.0,0.0,1.5,0.0,0.0,0.0,0.0,0.0
0.46150700477694834,-0.07474491013101377,0.7602302094225186,-0.3467334658494545,-0.02526450393568467,0.02643176034611667,1.5,1.5,0.0,0.0,0.0,0.0,0.0,0.0,0.0,0.0,0.0,0.0,0.0,0.0,0.0,0.0,0.0,0.0,0.0
0.3673133581198246,-0.16447766995878552,0.7602302094225186,-0.4677151357201644,-0.1948314114000991,-0.4657550201301363,1.5,1.5,0.0,0.0,0.0,0.0,0.0,0.0,0.0,0.0,0.0,1.5,0.0,0.0,0.0,0.0,0.0,0.0,0.0
0.4301091225579068,0.609901174521764,0.7602302094225186,-0.1652609610433897,0.6388457370634643,-0.5743908410460661,0.0,0.0,0.0,0.0,0.0,0.0,0.0,0.0,0.0,1.5,0.0,0.0,0.0,1.5,0.0,0.0,0.0,0.0,0.0
0.22078990776429888,-0.25173162426645307,0.7602302094225186,0.37915655337480475,-0.21284990631092873,0.3301686473967773,0.0,0.0,1.5,0.0,0.0,0.0,0.0,0.0,0.0,0.0,0.0,0.0,0.0,0.0,0.0,0.0,0.0,0.0,0.0
-0.009461228508670812,-0.3003162124604952,0.7602302094225186,-0.3467334658494545,-0.25092470210464607,-0.6253831651494616,0.0,1.5,0.0,0.0,0.0,1.5,0.0,0.0,0.0,1.5,0.0,0.0,1.5,0.0,0.0,0.0,0.0,0.0,1.5
0.28358567220238107,-0.2502443409543905,0.7602302094225186,-0.4677151357201644,-0.24041391340666213,-0.02456056375727891,0.0,0.0,0.0,0.0,0.0,0.0,0.0,0.0,0.0,0.0,0.0,0.0,0.0,1.5,0.0,0.0,0.0,0.0,0.0
0.4929048869959899,-0.27106630732326575,0.7602302094225186,-0.4677151357201644,-0.243631501783596,-0.1886228239160299,1.5,1.5,0.0,0.0,0.0,0.0,0.0,0.0,0.0,0.0,0.0,0.0,0.0,0.0,0.0,0.0,0.0,0.0,0.0
-0.2397123647816405,-0.3057695846047244,0.7602302094225186,1.165537407534419,-0.26443857328776826,-0.5766078986157789,0.0,0.0,0.0,0.0,0.0,1.5,0.0,0.0,0.0,0.0,0.0,0.0,0.0,0.0,1.5,0.0,0.0,0.0,0.0
0.45104104403726814,-0.1451429869019728,0.7602302094225186,-0.4677151357201644,-0.16383531003563626,0.4720603318583998,1.5,0.0,0.0,0.0,0.0,0.0,0.0,0.0,0.0,0.0,0.0,0.0,0.0,0.0,0.0,0.0,0.0,0.0,0.0
0.24172182924365931,-0.2938713181082243,0.7602302094225186,-0.4677151357201644,-0.26304428499109694,-0.4502356171421464,1.5,0.0,1.5,0.0,0.0,0.0,0.0,0.0,0.0,0.0,0.0,0.0,0.0,0.0,0.0,0.0,0.0,0.0,0.0
0.47197296551662854,-0.09457535429184731,0.7602302094225186,-0.4677151357201644,-0.18239006967595484,0.334602762536203,0.0,0.0,0.0,0.0,0.0,0.0,0.0,0.0,0.0,0.0,0.0,0.0,0.0,0.0,0.0,0.0,0.0,0.0,1.5
0.22078990776429888,0.17908477512765547,0.7602302094225186,-0.3467334658494545,0.310329963778517,0.29247866871165884,1.5,0.0,1.5,0.0,0.0,0.0,0.0,0.0,0.0,1.5,0.0,1.5,1.5,0.0,0.0,0.0,0.0,0.0,0.0
0.3987112403388661,-0.2874264237559534,0.7602302094225186,-0.4677151357201644,-0.2573598788585138,-0.00017293049043754595,1.5,0.0,0.0,0.0,0.0,0.0,0.0,0.0,0.0,0.0,0.0,0.0,0.0,0.0,0.0,0.0,0.0,0.0,0.0
0.053334535929411835,-0.20116399165632753,0.7602302094225186,-0.28624263091409957,-0.01571899175078088,0.2392692870385504,0.0,0.0,0.0,0.0,0.0,0.0,0.0,0.0,0.0,0.0,0.0,0.0,0.0,0.0,0.0,0.0,0.0,0.0,1.5
0.5557006514340721,3.271642542009645,0.7602302094225186,4.008606649496101,2.1140027549417413,0.08850937229807651,1.5,0.0,0.0,0.0,0.0,0.0,0.0,0.0,0.0,0.0,0.0,0.0,0.0,0.0,0.0,0.0,0.0,0.0,0.0
-4.12258379920308,-0.31221447895699533,0.7602302094225186,-0.4677151357201644,-0.2744130972562632,-0.8936471310847166,0.0,0.0,0.0,0.0,0.0,0.0,0.0,0.0,1.5,0.0,0.0,0.0,0.0,0.0,0.0,0.0,0.0,0.0,0.0
0.28358567220238107,-0.27751120167553667,0.7602302094225186,-0.4677151357201644,-0.25500031404876233,-0.15758401794005,1.5,0.0,0.0,0.0,0.0,0.0,0.0,0.0,0.0,0.0,0.0,1.5,0.0,0.0,0.0,0.0,0.0,0.0,0.0
0.4824389262563097,-0.2923840347961618,0.7602302094225186,-0.4677151357201644,-0.2616499966944256,-0.16201813307947568,0.0,0.0,0.0,0.0,0.0,0.0,0.0,0.0,0.0,0.0,0.0,0.0,0.0,0.0,1.5,0.0,0.0,1.5,0.0
0.17892606480557713,-0.2666044573870782,0.7602302094225186,-0.4677151357201644,-0.2548930611028645,-0.4945767685364034,1.5,0.0,0.0,0.0,0.0,0.0,0.0,0.0,0.0,0.0,0.0,0.0,0.0,0.0,0.0,0.0,0.0,1.5,0.0
0.3254495151611028,-0.1540666867743479,0.7602302094225186,-0.3467334658494545,-0.10731300754749812,0.6715955131325564,1.5,1.5,0.0,0.0,0.0,0.0,0.0,0.0,0.0,0.0,0.0,1.5,1.5,0.0,0.0,0.0,0.0,0.0,0.0
0.21032394702461776,-0.10895242630845162,0.7602302094225186,-0.3467334658494545,0.1949257939924892,0.02421470277640382,1.5,0.0,0.0,0.0,0.0,0.0,0.0,0.0,0.0,0.0,0.0,0.0,0.0,1.5,0.0,1.5,0.0,0.0,0.0
0.7336219840086393,3.180422498869811,0.7602302094225186,2.133390766500098,2.07903829457906,0.6272543617382994,1.5,0.0,0.0,0.0,0.0,0.0,0.0,0.0,0.0,0.0,0.0,0.0,0.0,1.5,0.0,0.0,0.0,0.0,0.0
0.3987112403388661,0.8994256592699336,0.7602302094225186,-0.3467334658494545,0.6459244314927187,-0.3704215446324837,0.0,1.5,0.0,0.0,0.0,0.0,0.0,1.5,0.0,1.5,0.0,0.0,0.0,0.0,0.0,0.0,0.0,0.0,0.0
-0.2711102470006816,1.1359037058878734,0.7602302094225186,0.01621154376267511,1.2266991335292805,0.3146492444087874,1.5,0.0,0.0,0.0,0.0,0.0,0.0,0.0,0.0,0.0,0.0,0.0,0.0,0.0,0.0,1.5,0.0,0.0,0.0
0.27311971146270086,-0.018723905376659036,0.3630357426395938,0.5001382232455147,0.005624344482880394,0.5673938073560524,0.0,0.0,0.0,0.0,0.0,0.0,0.0,0.0,0.0,0.0,0.0,0.0,0.0,0.0,0.0,1.5,0.0,0.0,0.0
0.38824527959918503,-0.12878287046928516,0.3630357426395938,0.43964738831015965,-0.09154682450052219,0.05968762389180944,0.0,0.0,0.0,0.0,0.0,0.0,0.0,0.0,0.0,0.0,0.0,0.0,0.0,1.5,0.0,0.0,0.0,0.0,0.0
0.24172182924365931,-0.07424914902699294,0.3630357426395938,-0.3467334658494545,-0.031377921851859,0.0840752571586508,1.5,1.5,0.0,0.0,0.0,0.0,0.0,0.0,0.0,0.0,0.0,0.0,0.0,0.0,0.0,0.0,0.0,0.0,0.0
0.4196431618182266,0.00606414982438288,0.3630357426395938,-0.1652609610433897,-0.003384902972534416,-0.017909391048140356,1.5,0.0,0.0,0.0,0.0,0.0,0.0,0.0,0.0,0.0,0.0,1.5,0.0,0.0,0.0,0.0,0.0,0.0,0.0
0.4301091225579068,-0.040537393953575925,0.3630357426395938,-0.4677151357201644,-0.14656758574609122,-0.4502356171421464,1.5,1.5,0.0,0.0,0.0,0.0,0.0,0.0,0.0,0.0,0.0,0.0,0.0,1.5,0.0,0.0,0.0,0.0,0.0
0.22078990776429888,-0.21256649704880684,0.3630357426395938,-0.4677151357201644,-0.22925960703329143,0.09072642986778935,0.0,0.0,0.0,0.0,0.0,0.0,0.0,0.0,0.0,0.0,0.0,0.0,0.0,0.0,0.0,1.5,0.0,0.0,0.0
0.07426645740877225,0.2351057798820102,0.3630357426395938,-0.28624263091409957,0.2288177248961925,0.5607426346469139,1.5,0.0,0.0,0.0,0.0,0.0,0.0,0.0,0.0,0.0,0.0,0.0,0.0,0.0,0.0,1.5,0.0,0.0,0.0
0.46150700477694834,0.3283088674379278,0.3630357426395938,-0.10477012610803477,0.5856482758981577,0.514184425682944,0.0,1.5,0.0,0.0,0.0,0.0,0.0,0.0,0.0,1.5,0.0,0.0,0.0,1.5,0.0,0.0,0.0,0.0,0.0
-4.12258379920308,-0.31221447895699533,0.3630357426395938,-0.4677151357201644,-0.27205353244651176,-0.7295848709259656,0.0,0.0,0.0,0.0,0.0,0.0,0.0,0.0,0.0,0.0,0.0,0.0,0.0,0.0,0.0,0.0,0.0,0.0,1.5
0.5243027692150315,-0.3057695846047244,0.3630357426395938,-0.4677151357201644,-0.270337485312147,-0.5145302866638191,1.5,1.5,0.0,0.0,0.0,0.0,0.0,0.0,0.0,0.0,0.0,1.5,0.0,0.0,0.0,0.0,0.0,0.0,0.0
-0.14551871812451678,-0.27701544057151584,0.3630357426395938,-0.22575179597874465,-0.18882524642982257,0.06412173903123514,1.5,1.5,0.0,0.0,0.0,0.0,0.0,0.0,0.0,1.5,0.0,0.0,0.0,1.5,0.0,0.0,0.0,0.0,0.0
0.44057508329758793,-0.30824839012482863,0.3630357426395938,-0.4677151357201644,-0.26883594406957795,0.44988975616127125,1.5,0.0,0.0,0.0,0.0,0.0,0.0,0.0,0.0,0.0,0.0,0.0,0.0,0.0,0.0,0.0,0.0,0.0,0.0
0.4091772010785464,-0.19471909730405665,0.3630357426395938,-0.4677151357201644,-0.21563848290427143,-0.4502356171421464,0.0,0.0,0.0,0.0,0.0,0.0,0.0,0.0,0.0,0.0,0.0,1.5,0.0,0.0,0.0,0.0,0.0,0.0,0.0
0.45104104403726814,-0.13027015378134765,0.3630357426395938,1.1050465725990641,-0.18013775781210117,0.004261184648988157,0.0,1.5,0.0,0.0,0.0,0.0,0.0,0.0,0.0,0.0,0.0,0.0,0.0,0.0,0.0,0.0,0.0,0.0,0.0
-0.1350527573848361,-0.2859391404438909,0.3630357426395938,-0.4677151357201644,-0.25918317893877635,0.0020441270792753053,1.5,0.0,0.0,0.0,0.0,0.0,0.0,0.0,0.0,0.0,0.0,0.0,0.0,0.0,0.0,0.0,0.0,0.0,0.0
-1.5688893787210554,-0.28246881271574503,0.3630357426395938,-0.10477012610803477,-0.12297193764857624,-0.2373980904497126,1.5,0.0,0.0,0.0,0.0,1.5,0.0,0.0,0.0,1.5,0.0,0.0,1.5,0.0,0.0,0.0,0.0,0.0,1.5
0.47197296551662854,-0.21801986919303606,0.3630357426395938,-0.4677151357201644,-0.22421871857609502,-0.26400278128626686,1.5,1.5,0.0,0.0,0.0,0.0,0.0,0.0,0.0,0.0,0.0,1.5,0.0,0.0,0.0,0.0,0.0,0.0,0.0
0.04286857518973116,0.06555548230688348,0.3630357426395938,-0.1652609610433897,0.2931694924348697,0.23261811432941185,1.5,0.0,0.0,0.0,0.0,0.0,0.0,0.0,0.0,1.5,0.0,1.5,0.0,0.0,0.0,0.0,0.0,0.0,0.0
-0.3967017758768469,-0.25569771309861977,0.3630357426395938,-0.28624263091409957,-0.07867647099278675,0.12841640855290784,0.0,0.0,0.0,1.5,0.0,1.5,0.0,0.0,0.0,1.5,0.0,0.0,0.0,0.0,0.0,0.0,1.5,0.0,1.5
0.19985798628493753,-0.1461345091100145,0.3630357426395938,-0.4677151357201644,-0.15750738622766636,-0.09107229084866446,1.5,0.0,0.0,0.0,0.0,0.0,0.0,0.0,0.0,0.0,0.0,0.0,0.0,0.0,0.0,0.0,0.0,0.0,0.0
0.23125586850397908,0.14140693122207174,0.3630357426395938,-0.10477012610803477,0.1096597020037419,0.35899039580304437,0.0,0.0,0.0,0.0,0.0,0.0,0.0,0.0,0.0,0.0,0.0,0.0,0.0,0.0,0.0,1.5,0.0,0.0,0.0
0.06380049666909204,0.2668344905393438,0.3630357426395938,-0.3467334658494545,0.4782880770544646,-0.5211814593729577,1.5,1.5,0.0,0.0,0.0,0.0,0.0,0.0,0.0,1.5,0.0,1.5,1.5,0.0,0.0,0.0,0.0,0.0,0.0
-0.8048742447243838,-0.27701544057151584,0.3630357426395938,-0.4072243007848094,-0.15289550955406114,0.017563530067265267,1.5,0.0,0.0,0.0,0.0,0.0,0.0,0.0,0.0,0.0,0.0,0.0,0.0,0.0,0.0,0.0,1.5,0.0,0.0
0.44057508329758793,-0.22843085237747365,0.3630357426395938,4.129588319366811,-0.23204818362663412,0.29247866871165884,0.0,0.0,0.0,0.0,0.0,0.0,0.0,0.0,0.0,0.0,0.0,0.0,0.0,1.5,0.0,0.0,0.0,0.0,1.5
0.4301091225579068,-0.1411768980698061,0.3630357426395938,-0.4677151357201644,-0.20512769420628746,-0.06890171515153594,0.0,0.0,1.5,0.0,0.0,0.0,0.0,0.0,0.0,0.0,0.0,0.0,0.0,0.0,0.0,0.0,0.0,1.5,0.0
0.46150700477694834,-0.23289270231366122,0.3630357426395938,-0.4677151357201644,-0.23022488354637158,-0.11102580897608011,1.5,0.0,0.0,0.0,0.0,0.0,0.0,0.0,0.0,0.0,0.0,1.5,0.0,0.0,0.0,0.0,0.0,0.0,0.0
0.0951983788881336,0.05316145470636252,0.3630357426395938,2.133390766500098,0.04176858725043743,0.4321532956035685,1.5,0.0,0.0,0.0,0.0,0.0,0.0,0.0,0.0,0.0,0.0,0.0,0.0,1.5,0.0,0.0,0.0,0.0,0.0
0.4824389262563097,-0.2596638019307865,0.3630357426395938,-0.4677151357201644,-0.24448952535077836,0.17275755994716485,1.5,0.0,0.0,0.0,0.0,0.0,0.0,0.0,0.0,0.0,0.0,1.5,0.0,0.0,0.0,0.0,0.0,0.0,0.0
0.44057508329758793,-0.30676110681276614,0.3630357426395938,-0.4677151357201644,-0.2715172677170228,-0.321646278098801,1.5,1.5,0.0,0.0,0.0,0.0,0.0,0.0,0.0,0.0,0.0,0.0,0.0,0.0,0.0,0.0,0.0,0.0,0.0
-0.2920421684800425,-0.27106630732326575,0.3630357426395938,0.25817488350409484,-0.20652198250295883,-0.2994757024016725,0.0,0.0,1.5,0.0,0.0,1.5,0.0,0.0,0.0,0.0,0.0,0.0,0.0,0.0,1.5,0.0,0.0,0.0,0.0
0.44057508329758793,0.07200037665915437,0.3630357426395938,-0.3467334658494545,0.05667674673023098,0.7248048948056649,0.0,0.0,0.0,0.0,0.0,0.0,0.0,0.0,0.0,0.0,0.0,0.0,0.0,0.0,0.0,1.5,0.0,0.0,0.0
-0.2711102470006816,-0.21157497484076515,0.3630357426395938,-0.4072243007848094,0.03426088103759175,-0.011258218339001803,1.5,0.0,0.0,0.0,0.0,0.0,0.0,0.0,0.0,0.0,0.0,0.0,0.0,0.0,0.0,1.5,0.0,0.0,0.0
-4.12258379920308,-0.3137017622690578,0.3630357426395938,-0.4677151357201644,-0.27505661493165,-0.7561895617625198,0.0,1.5,0.0,0.0,0.0,0.0,0.0,0.0,0.0,0.0,0.0,0.0,1.5,0.0,0.0,0.0,0.0,0.0,1.5
0.07426645740877225,-0.27850272388357833,0.3630357426395938,-0.4677151357201644,-0.2596121907223675,-0.5566543804883632,0.0,0.0,0.0,0.0,0.0,0.0,0.0,0.0,0.0,0.0,0.0,0.0,0.0,0.0,0.0,0.0,0.0,1.5,0.0
0.4196431618182266,-0.1862911585357024,0.3630357426395938,-0.3467334658494545,-0.20770176490783454,0.5053161954040926,0.0,0.0,0.0,0.0,0.0,0.0,0.0,0.0,0.0,0.0,0.0,0.0,0.0,1.5,0.0,0.0,0.0,0.0,1.5
-0.15598467886419698,-0.20760888600859845,0.3630357426395938,-0.28624263091409957,-0.14989242706892286,1.0906193938082853,1.5,0.0,1.5,0.0,0.0,0.0,0.0,0.0,1.5,0.0,0.0,0.0,0.0,0.0,0.0,0.0,0.0,0.0,0.0
0.47197296551662854,0.6540239127796186,0.3630357426395938,-0.04427929117267983,0.4611276057108173,0.5496573467983495,0.0,0.0,0.0,0.0,0.0,0.0,0.0,0.0,0.0,0.0,0.0,0.0,0.0,1.5,0.0,0.0,0.0,0.0,0.0
0.14752818258653558,0.6401426018670351,0.3630357426395938,-0.22575179597874465,0.4377464635050979,0.556308519507488,0.0,0.0,0.0,0.0,0.0,0.0,0.0,0.0,0.0,0.0,0.0,0.0,0.0,1.5,0.0,1.5,0.0,0.0,0.0
0.3987112403388661,-0.2596638019307865,0.3630357426395938,-0.4677151357201644,-0.24845788434899677,0.15502109938946207,1.5,0.0,0.0,0.0,0.0,0.0,0.0,0.0,0.0,0.0,0.0,0.0,0.0,0.0,0.0,1.5,0.0,0.0,0.0
0.23125586850397908,0.9331374143433506,0.3630357426395938,0.8630832328576443,1.02677964237579,0.2991298414207974,1.5,0.0,0.0,0.0,0.0,0.0,0.0,0.0,0.0,0.0,0.0,0.0,0.0,0.0,0.0,1.5,0.0,0.0,0.0
0.46150700477694834,0.5166980869658464,0.3630357426395938,-0.10477012610803477,0.38025888450387957,0.602866728471458,0.0,0.0,0.0,0.0,0.0,0.0,0.0,0.0,0.0,1.5,0.0,1.5,0.0,0.0,0.0,0.0,0.0,0.0,0.0
0.44057508329758793,-0.20513008048849427,0.3630357426395938,-0.4072243007848094,-0.11289016073418345,0.30578101412993597,0.0,1.5,0.0,0.0,0.0,0.0,0.0,0.0,0.0,0.0,0.0,0.0,1.5,0.0,0.0,0.0,0.0,0.0,0.0
0.5138368084753503,0.3218639730856569,0.3630357426395938,0.19768404856873992,0.4110404799765468,0.06412173903123514,1.5,1.5,0.0,0.0,0.0,0.0,0.0,0.0,0.0,0.0,0.0,1.5,0.0,0.0,0.0,0.0,0.0,0.0,0.0
0.2521877899833395,0.07894103211544612,0.3630357426395938,-0.22575179597874465,0.3074341342392765,0.33903687767562873,1.5,0.0,0.0,0.0,0.0,0.0,0.0,0.0,0.0,0.0,0.0,0.0,0.0,0.0,0.0,1.5,0.0,0.0,0.0
0.08473241814845246,-0.26313412965893235,0.3630357426395938,-0.4072243007848094,-0.1925790995362454,0.09737760257692792,1.5,0.0,0.0,0.0,0.0,1.5,0.0,0.0,0.0,1.5,0.0,0.0,0.0,0.0,0.0,0.0,0.0,0.0,0.0
0.47197296551662854,-0.2666044573870782,0.3630357426395938,4.97646000846178,-0.2500666785374637,-0.33716568108679096,0.0,0.0,0.0,0.0,0.0,0.0,0.0,0.0,0.0,0.0,0.0,0.0,0.0,1.5,0.0,0.0,0.0,0.0,0.0
0.3045175936817424,-0.23884183556191127,0.3630357426395938,1.9519182616940332,-0.23859061332639964,-0.004607045629863248,0.0,0.0,1.5,0.0,0.0,0.0,0.0,0.0,0.0,0.0,0.0,0.0,0.0,0.0,0.0,0.0,0.0,1.5,0.0
0.3463814366404632,-0.18678691963972324,0.3630357426395938,-0.1652609610433897,-0.21499496522888464,-0.3970262354690379,0.0,0.0,0.0,0.0,0.0,0.0,0.0,0.0,0.0,0.0,0.0,0.0,0.0,0.0,1.5,0.0,0.0,0.0,0.0
-0.009461228508670812,-0.22694356906541113,0.3630357426395938,3.4641891350779064,-0.1746678575713136,-0.03564585160584317,0.0,0.0,0.0,0.0,0.0,0.0,0.0,0.0,0.0,0.0,0.0,0.0,0.0,0.0,1.5,0.0,0.0,0.0,0.0
0.06380049666909204,-0.27899848498759916,0.3630357426395938,-0.4677151357201644,-0.2593976848305719,-0.3260803932382267,0.0,0.0,0.0,0.0,0.0,0.0,0.0,0.0,0.0,0.0,0.0,0.0,0.0,0.0,0.0,0.0,1.5,0.0,0.0
-0.18738256108323853,-0.2844518571318284,0.3630357426395938,-0.4677151357201644,-0.24995942559156592,0.08185819958893796,0.0,0.0,0.0,0.0,0.0,0.0,0.0,0.0,0.0,0.0,0.0,0.0,0.0,0.0,1.5,0.0,0.0,0.0,0.0
0.04286857518973116,-0.21702834698499437,0.3630357426395938,-0.04427929117267983,-0.17359532811233563,0.6538590525748535,1.5,0.0,0.0,0.0,0.0,0.0,0.0,0.0,0.0,0.0,0.0,0.0,0.0,0.0,0.0,1.5,0.0,0.0,0.0
0.14752818258653558,-0.1927360528879733,0.3630357426395938,-0.4072243007848094,-0.029661874717494277,0.2791763232933817,1.5,1.5,0.0,0.0,0.0,0.0,0.0,0.0,0.0,0.0,0.0,1.5,0.0,0.0,0.0,0.0,0.0,0.0,0.0
0.3673133581198246,0.07051309334709187,0.3630357426395938,0.19768404856873992,0.05067058175995444,0.6095179011805966,0.0,0.0,0.0,0.0,0.0,0.0,0.0,0.0,0.0,0.0,0.0,0.0,0.0,0.0,0.0,1.5,0.0,0.0,0.0
0.19985798628493753,0.24898709079459366,0.3630357426395938,2.012409096629388,0.10032869571063369,0.4077656623367271,1.5,0.0,0.0,0.0,0.0,1.5,0.0,0.0,0.0,0.0,1.5,0.0,0.0,0.0,0.0,1.5,0.0,0.0,0.0
0.27311971146270086,-0.20711312490457762,0.3630357426395938,-0.3467334658494545,-0.21252814747323534,0.23261811432941185,1.5,0.0,0.0,0.0,0.0,0.0,0.0,0.0,0.0,0.0,0.0,0.0,0.0,0.0,0.0,1.5,0.0,0.0,0.0
0.4824389262563097,0.8285318213949537,0.3630357426395938,0.3186657184394498,0.3683538075092243,0.5540914619377753,1.5,0.0,0.0,0.0,0.0,0.0,0.0,0.0,0.0,0.0,0.0,0.0,0.0,0.0,0.0,0.0,0.0,0.0,0.0
0.46150700477694834,1.0253489796912265,0.3630357426395938,0.07670237869803005,0.7880345848072975,0.6693784555628436,1.5,1.5,0.0,0.0,0.0,0.0,0.0,0.0,0.0,0.0,0.0,0.0,0.0,1.5,0.0,0.0,0.0,0.0,0.0
0.19985798628493753,-0.25173162426645307,-0.034158724143330946,-0.28624263091409957,-0.156649362660484,-0.5943443591734817,1.5,0.0,0.0,0.0,0.0,0.0,0.0,0.0,0.0,0.0,0.0,0.0,1.5,0.0,0.0,0.0,0.0,0.0,0.0
-2.2073129838415615,-0.31072719564493284,-0.034158724143330946,-0.22575179597874465,-0.26325879088289256,-0.27508806913483114,1.5,1.5,0.0,0.0,0.0,0.0,0.0,0.0,0.0,1.5,0.0,0.0,0.0,0.0,0.0,0.0,0.0,0.0,0.0
0.3045175936817424,-0.26115108524284897,-0.034158724143330946,-0.4677151357201644,-0.24995942559156592,-0.13097932710349577,0.0,0.0,0.0,0.0,0.0,0.0,0.0,0.0,0.0,0.0,0.0,0.0,0.0,0.0,0.0,0.0,0.0,1.5,0.0
0.47197296551662854,-0.28643490154791174,-0.034158724143330946,0.19768404856873992,-0.25124646094233943,-0.14206461495206002,1.5,1.5,0.0,0.0,0.0,0.0,0.0,0.0,0.0,0.0,0.0,0.0,0.0,0.0,0.0,0.0,0.0,0.0,0.0
-0.3967017758768469,-0.16745223658291053,-0.034158724143330946,-0.1652609610433897,-0.12265017881088286,-0.028994678896704613,1.5,1.5,1.5,0.0,0.0,1.5,0.0,0.0,0.0,0.0,0.0,0.0,0.0,0.0,0.0,0.0,0.0,0.0,0.0
0.21032394702461776,-0.1798462641834315,-0.034158724143330946,0.8025923979222893,-0.06076522902785493,-0.013475275908714654,0.0,0.0,0.0,0.0,0.0,0.0,0.0,0.0,0.0,0.0,0.0,0.0,0.0,0.0,0.0,0.0,1.5,0.0,0.0
0.03240261445005095,-0.297837406940391,-0.034158724143330946,-0.4677151357201644,-0.26851418523188453,-0.5367008623609476,0.0,0.0,0.0,0.0,0.0,0.0,0.0,1.5,0.0,0.0,0.0,0.0,1.5,0.0,0.0,0.0,0.0,0.0,0.0
0.5138368084753503,-0.310231434540912,-0.034158724143330946,-0.4677151357201644,-0.27248254423010293,-0.4901426533969777,0.0,0.0,0.0,0.0,0.0,0.0,0.0,0.0,0.0,0.0,0.0,0.0,0.0,0.0,1.5,0.0,0.0,0.0,0.0
-0.06179103220707325,-0.2175241080890152,-0.034158724143330946,-0.4677151357201644,-0.22271717733352592,-0.16866930578861425,1.5,1.5,0.0,0.0,0.0,0.0,0.0,0.0,0.0,0.0,0.0,0.0,0.0,0.0,0.0,0.0,0.0,0.0,0.0
0.28358567220238107,-0.3042823012926619,-0.034158724143330946,-0.4072243007848094,-0.2556438317241491,-0.14206461495206002,0.0,0.0,0.0,0.0,0.0,0.0,0.0,0.0,0.0,0.0,0.0,0.0,0.0,0.0,0.0,0.0,1.5,0.0,1.5
0.11613030036749401,-0.25916804082676564,-0.034158724143330946,-0.3467334658494545,-0.24663458426873427,-0.09772346355780301,1.5,0.0,0.0,0.0,0.0,0.0,0.0,0.0,0.0,0.0,0.0,0.0,0.0,0.0,0.0,1.5,0.0,0.0,0.0
0.17892606480557713,0.09728419296421714,-0.034158724143330946,-0.04427929117267983,0.07995063599005257,0.6139520163200223,1.5,0.0,0.0,0.0,0.0,0.0,0.0,0.0,0.0,0.0,0.0,0.0,0.0,0.0,0.0,1.5,0.0,0.0,0.0
0.44057508329758793,-0.16596495327084804,-0.034158724143330946,-0.4677151357201644,-0.179172481299021,-0.5566543804883632,0.0,0.0,0.0,0.0,0.0,0.0,0.0,0.0,0.0,0.0,0.0,0.0,1.5,0.0,0.0,0.0,0.0,0.0,0.0
0.4091772010785464,-0.26561293517903656,-0.034158724143330946,-0.4677151357201644,-0.2457765607015519,-0.3526850840747809,0.0,0.0,0.0,0.0,0.0,0.0,0.0,0.0,0.0,0.0,0.0,0.0,0.0,1.5,0.0,0.0,0.0,0.0,0.0
0.44057508329758793,-0.10052448754009737,-0.034158724143330946,-0.3467334658494545,-0.16619487484538775,0.09516054500721506,1.5,0.0,0.0,0.0,0.0,0.0,0.0,0.0,0.0,0.0,0.0,0.0,0.0,1.5,0.0,1.5,0.0,0.0,0.0
0.4196431618182266,-0.11738036507680587,-0.034158724143330946,-0.4677151357201644,-0.08639868309742801,-0.23296397531028692,1.5,0.0,0.0,0.0,0.0,0.0,0.0,0.0,0.0,0.0,0.0,1.5,0.0,0.0,0.0,0.0,0.0,0.0,0.0
0.37777931885950483,-0.30874415122884946,-0.034158724143330946,-0.4677151357201644,-0.27344782074318313,-0.2662198388559797,1.5,0.0,0.0,0.0,0.0,0.0,0.0,0.0,0.0,0.0,0.0,0.0,0.0,1.5,0.0,0.0,0.0,0.0,0.0
0.21032394702461776,-0.310231434540912,-0.034158724143330946,-0.4677151357201644,-0.2715172677170228,0.4654091591492613,1.5,0.0,0.0,0.0,0.0,0.0,0.0,0.0,0.0,0.0,0.0,0.0,0.0,0.0,0.0,1.5,0.0,0.0,0.0
0.38824527959918503,-0.30626534570874525,-0.034158724143330946,-0.4677151357201644,-0.2646530791795639,0.08850937229807651,0.0,0.0,0.0,0.0,0.0,0.0,0.0,0.0,0.0,0.0,0.0,0.0,0.0,1.5,0.0,0.0,0.0,0.0,0.0
0.4091772010785464,-0.31122295674895367,-0.034158724143330946,-0.4677151357201644,-0.2737695795808765,-0.20635928447373272,1.5,0.0,0.0,0.0,0.0,0.0,0.0,0.0,0.0,0.0,0.0,0.0,0.0,0.0,0.0,1.5,0.0,0.0,0.0
0.10566433962781381,-0.25272314647449473,-0.034158724143330946,-0.3467334658494545,-0.20394791180141172,0.9176889033706829,1.5,1.5,0.0,0.0,0.0,0.0,0.0,0.0,0.0,0.0,0.0,1.5,0.0,0.0,0.0,0.0,0.0,0.0,0.0
-0.6374188728894968,-0.24776553543428637,-0.034158724143330946,0.37915655337480475,-0.15471880963432366,-0.12654521196407006,1.5,0.0,0.0,0.0,0.0,0.0,0.0,0.0,0.0,0.0,0.0,0.0,0.0,0.0,0.0,0.0,0.0,1.5,0.0
0.3045175936817424,-0.29684588473234935,-0.034158724143330946,-0.4677151357201644,-0.26132823785673226,-0.3615533143536323,1.5,0.0,0.0,0.0,0.0,0.0,0.0,0.0,0.0,0.0,0.0,1.5,0.0,0.0,0.0,0.0,0.0,0.0,0.0
-0.3443719721784449,-0.0033553111520130486,-0.034158724143330946,-0.1652609610433897,0.5245140967364144,0.6050837860411709,0.0,0.0,0.0,0.0,0.0,0.0,0.0,0.0,0.0,0.0,0.0,0.0,0.0,0.0,0.0,0.0,0.0,0.0,1.5
0.3987112403388661,-0.09507111539586814,-0.034158724143330946,-0.4072243007848094,-0.17627665175978052,0.3612074533727572,1.5,0.0,0.0,0.0,0.0,0.0,0.0,0.0,0.0,0.0,0.0,0.0,0.0,0.0,0.0,1.5,0.0,0.0,0.0
-0.9095338521211883,1.087814878797852,-0.034158724143330946,0.37915655337480475,1.132638299976914,0.06633879660094799,1.5,0.0,0.0,0.0,0.0,0.0,0.0,0.0,0.0,0.0,1.5,0.0,0.0,0.0,0.0,0.0,0.0,0.0,0.0
0.46150700477694834,0.7209516618224318,-0.034158724143330946,0.5001382232455147,0.6125687653185043,0.2946957262813717,1.5,0.0,0.0,0.0,0.0,0.0,0.0,0.0,0.0,0.0,0.0,0.0,0.0,1.5,0.0,0.0,0.0,0.0,0.0
0.37777931885950483,-0.2537146686825364,-0.034158724143330946,-0.04427929117267983,-0.18796722286264023,0.11511406313463074,0.0,0.0,0.0,0.0,0.0,0.0,0.0,0.0,0.0,0.0,0.0,0.0,0.0,1.5,0.0,0.0,0.0,0.0,0.0
0.15799414332621578,-0.20612160269653593,-0.034158724143330946,0.137193213633385,-0.21327891809451993,0.23261811432941185,1.5,1.5,0.0,0.0,0.0,0.0,0.0,0.0,0.0,0.0,0.0,0.0,0.0,0.0,0.0,0.0,0.0,0.0,0.0
-0.3862358151371667,-0.30676110681276614,-0.034158724143330946,-0.22575179597874465,-0.2690504499613735,-0.009041160769288951,0.0,0.0,0.0,0.0,0.0,0.0,0.0,0.0,0.0,0.0,0.0,0.0,0.0,0.0,0.0,0.0,0.0,1.5,0.0
-0.009461228508670812,-0.30676110681276614,-0.034158724143330946,-0.4677151357201644,-0.2689431970154757,-0.2662198388559797,0.0,0.0,0.0,0.0,0.0,0.0,0.0,0.0,0.0,0.0,0.0,1.5,0.0,0.0,0.0,0.0,0.0,0.0,0.0
-0.009461228508670812,-0.29287979590018265,-0.034158724143330946,-0.4677151357201644,-0.25843240831749176,-0.0799870030001002,0.0,0.0,0.0,0.0,0.0,0.0,0.0,0.0,0.0,0.0,0.0,1.5,0.0,0.0,0.0,0.0,0.0,0.0,0.0
0.335915475900783,-0.26115108524284897,-0.034158724143330946,-0.4677151357201644,-0.20748725901603896,0.3988974320578757,0.0,0.0,0.0,0.0,0.0,0.0,0.0,0.0,0.0,0.0,0.0,0.0,0.0,1.5,0.0,0.0,0.0,0.0,0.0
-0.564157147711734,-0.2874264237559534,-0.034158724143330946,-0.4072243007848094,-0.18432062270211516,0.19714519321400623,1.5,0.0,0.0,0.0,0.0,0.0,0.0,0.0,0.0,0.0,0.0,0.0,0.0,1.5,0.0,0.0,0.0,0.0,1.5
0.3463814366404632,-0.10498633747628491,-0.034158724143330946,-0.28624263091409957,-0.06559161159325572,0.08850937229807651,0.0,0.0,0.0,0.0,0.0,0.0,0.0,0.0,0.0,0.0,0.0,0.0,0.0,1.5,0.0,0.0,0.0,0.0,0.0
0.44057508329758793,-0.26115108524284897,-0.034158724143330946,0.6211198931162245,-0.24706359605232545,-0.17532047849775279,0.0,0.0,0.0,0.0,0.0,0.0,0.0,0.0,0.0,0.0,0.0,0.0,0.0,1.5,0.0,0.0,0.0,0.0,0.0
0.3987112403388661,-0.22892661348149448,-0.034158724143330946,-0.1652609610433897,-0.16780366903385469,-0.21522751475258414,0.0,1.5,0.0,0.0,0.0,0.0,0.0,0.0,0.0,1.5,0.0,0.0,1.5,0.0,0.0,0.0,0.0,0.0,0.0
0.053334535929411835,-0.25916804082676564,-0.034158724143330946,-0.4677151357201644,-0.24427501945898278,0.2592228051659661,1.5,1.5,0.0,0.0,0.0,0.0,0.0,0.0,0.0,0.0,0.0,1.5,0.0,0.0,0.0,0.0,0.0,0.0,0.0
0.4824389262563097,0.5618123474317427,-0.034158724143330946,1.3470099123404837,0.22259705403412036,0.6804637434114078,1.5,0.0,0.0,0.0,0.0,0.0,0.0,0.0,0.0,0.0,0.0,0.0,0.0,1.5,0.0,0.0,0.0,0.0,0.0
0.2521877899833395,0.49686764280501283,-0.034158724143330946,-0.28624263091409957,0.6276914306900935,0.5230526559617953,1.5,1.5,0.0,0.0,0.0,0.0,0.0,0.0,0.0,1.5,0.0,0.0,0.0,0.0,0.0,0.0,0.0,0.0,0.0
0.44057508329758793,-0.0033553111520130486,-0.034158724143330946,-0.04427929117267983,-0.0030631441348410293,-0.3438168537959295,1.5,0.0,0.0,0.0,0.0,0.0,0.0,0.0,0.0,1.5,0.0,0.0,0.0,0.0,0.0,0.0,0.0,0.0,0.0
-0.06179103220707325,-0.24231216329005714,-0.034158724143330946,-0.28624263091409957,-0.14013240899222348,-0.4901426533969777,1.5,0.0,0.0,0.0,0.0,0.0,0.0,0.0,0.0,1.5,0.0,1.5,0.0,0.0,0.0,0.0,0.0,0.0,0.0
0.38824527959918503,0.0838986431556545,-0.034158724143330946,-0.1652609610433897,0.07984338304415478,-0.5854761288946303,0.0,0.0,0.0,0.0,0.0,0.0,0.0,0.0,0.0,1.5,0.0,0.0,0.0,1.5,0.0,0.0,0.0,0.0,1.5
0.37777931885950483,0.06505972120286264,-0.034158724143330946,-0.4677151357201644,-0.07771119447970659,-0.24404926315885117,0.0,0.0,0.0,0.0,0.0,0.0,0.0,0.0,0.0,0.0,0.0,0.0,0.0,0.0,0.0,0.0,1.5,0.0,0.0
-0.19784852182291876,-0.16745223658291053,-0.034158724143330946,0.5606290581808696,-0.1216849022978027,0.33238570496649017,1.5,0.0,0.0,0.0,0.0,0.0,0.0,0.0,0.0,0.0,0.0,0.0,0.0,1.5,0.0,0.0,0.0,0.0,0.0
0.37777931885950483,0.25741502956294793,-0.034158724143330946,-0.1652609610433897,0.3837982317185068,0.6738125707022693,1.5,1.5,0.0,0.0,0.0,0.0,0.0,0.0,0.0,0.0,0.0,0.0,0.0,0.0,0.0,0.0,0.0,0.0,0.0
0.3987112403388661,0.1419026923260926,-0.034158724143330946,0.3186657184394498,0.4113622388142402,0.47427738942811265,1.5,0.0,0.0,0.0,0.0,0.0,0.0,0.0,0.0,0.0,0.0,0.0,0.0,0.0,0.0,0.0,0.0,0.0,0.0
0.3673133581198246,0.6827780568128272,-0.034158724143330946,1.165537407534419,0.7709813664095481,0.11067994799520503,0.0,0.0,0.0,0.0,0.0,0.0,0.0,0.0,0.0,0.0,0.0,0.0,0.0,0.0,0.0,0.0,0.0,0.0,1.5
0.37777931885950483,-0.2879221848599743,-0.034158724143330946,-0.4677151357201644,-0.2582179024256962,-0.35933625678391945,0.0,0.0,0.0,0.0,0.0,0.0,0.0,0.0,0.0,0.0,0.0,0.0,0.0,0.0,0.0,1.5,0.0,0.0,0.0
-4.12258379920308,-0.31271024006101616,-0.034158724143330946,-0.4677151357201644,-0.27398408547267206,-0.36820448706277087,1.5,0.0,0.0,0.0,0.0,0.0,0.0,0.0,0.0,0.0,0.0,0.0,0.0,1.5,0.0,0.0,0.0,0.0,0.0
-0.030393149988031692,-0.30874415122884946,-0.034158724143330946,0.07670237869803005,-0.2707664970957382,-0.5411349775003733,0.0,0.0,0.0,0.0,0.0,0.0,0.0,0.0,0.0,0.0,0.0,0.0,1.5,0.0,0.0,0.0,0.0,0.0,0.0
0.21032394702461776,-0.24776553543428637,-0.034158724143330946,0.43964738831015965,-0.25081744915874826,0.30356395656022306,0.0,1.5,0.0,0.0,0.0,0.0,0.0,0.0,0.0,1.5,0.0,0.0,0.0,1.5,0.0,0.0,0.0,0.0,1.5
-0.1245867966451559,-0.30824839012482863,-0.034158724143330946,-0.10477012610803477,-0.27269705012189854,0.2015793083534319,1.5,0.0,0.0,0.0,0.0,0.0,0.0,0.0,0.0,0.0,0.0,0.0,0.0,0.0,0.0,1.5,0.0,0.0,0.0
0.07426645740877225,-0.12382525942907677,-0.034158724143330946,-0.4072243007848094,-0.09079605387923763,-0.4679720776998492,1.5,0.0,0.0,0.0,0.0,0.0,0.0,0.0,0.0,0.0,0.0,1.5,0.0,0.0,0.0,0.0,0.0,0.0,0.0
0.45104104403726814,-0.13572352592557688,-0.034158724143330946,-0.22575179597874465,-0.06001445840657036,-0.8093989434356283,0.0,1.5,0.0,0.0,0.0,1.5,0.0,0.0,0.0,1.5,0.0,0.0,0.0,0.0,0.0,0.0,0.0,0.0,0.0
0.4196431618182266,-0.27106630732326575,-0.034158724143330946,0.137193213633385,-0.2501739314833615,-0.18197165120689135,1.5,0.0,0.0,0.0,0.0,0.0,0.0,0.0,0.0,0.0,0.0,0.0,0.0,1.5,0.0,0.0,0.0,0.0,0.0
0.10566433962781381,-0.21801986919303606,-0.034158724143330946,0.6211198931162245,-0.2182125536058185,-0.24626632072856403,1.5,1.5,0.0,0.0,0.0,0.0,0.0,0.0,0.0,0.0,0.0,0.0,1.5,0.0,0.0,0.0,0.0,0.0,0.0
0.4301091225579068,-0.21901139140107773,-0.034158724143330946,2.254372436370808,-0.22196640671224133,0.0929434874375022,1.5,1.5,0.0,0.0,0.0,0.0,0.0,0.0,0.0,0.0,0.0,0.0,0.0,1.5,0.0,0.0,0.0,0.0,0.0
-0.030393149988031692,-0.00583411667211724,-0.034158724143330946,0.07670237869803005,-0.15418254490483468,0.06412173903123514,0.0,0.0,0.0,0.0,1.5,0.0,0.0,0.0,0.0,0.0,0.0,0.0,0.0,0.0,0.0,0.0,0.0,0.0,1.5
0.29405163294206127,-0.18579539743168155,-0.034158724143330946,-0.28624263091409957,-0.0634465526752998,-0.7451042739139556,0.0,0.0,0.0,0.0,0.0,1.5,0.0,0.0,0.0,1.5,0.0,0.0,1.5,0.0,0.0,0.0,0.0,0.0,0.0
0.45104104403726814,0.496371881700992,-0.034158724143330946,0.3186657184394498,0.3998861736031761,0.15945521452888775,0.0,0.0,1.5,0.0,0.0,0.0,0.0,0.0,0.0,0.0,0.0,0.0,0.0,0.0,1.5,0.0,0.0,0.0,0.0
0.4196431618182266,-0.2661086962830574,-0.034158724143330946,-0.4677151357201644,-0.24727810194412103,-0.40811152331760225,1.5,0.0,0.0,0.0,0.0,0.0,0.0,0.0,0.0,0.0,0.0,1.5,0.0,1.5,0.0,1.5,0.0,0.0,0.0
0.3149835544214226,-0.23289270231366122,-0.034158724143330946,-0.4677151357201644,-0.18925425821341377,-0.35933625678391945,0.0,1.5,0.0,0.0,0.0,0.0,0.0,0.0,0.0,0.0,0.0,0.0,0.0,0.0,0.0,0.0,0.0,0.0,0.0
0.2521877899833395,-0.2998204513564744,-0.034158724143330946,-0.4072243007848094,-0.23762533681331943,-0.889213015945291,0.0,0.0,0.0,0.0,0.0,0.0,0.0,0.0,0.0,1.5,0.0,0.0,0.0,0.0,0.0,0.0,0.0,0.0,0.0
0.3987112403388661,-0.22396900244128612,-0.034158724143330946,0.9840649027283541,-0.230010377654576,0.3878121442093114,1.5,0.0,0.0,0.0,0.0,0.0,0.0,0.0,0.0,0.0,0.0,0.0,0.0,0.0,0.0,1.5,0.0,0.0,0.0
-0.16645063960387765,-0.1798462641834315,-0.034158724143330946,-0.22575179597874465,-0.013788438724620565,0.2946957262813717,0.0,0.0,0.0,0.0,0.0,0.0,0.0,0.0,0.0,0.0,0.0,0.0,0.0,0.0,0.0,0.0,0.0,0.0,1.5
-0.2711102470006816,0.002593822096237012,-0.034158724143330946,-0.28624263091409957,0.25498744369525456,0.028648817915829523,0.0,0.0,0.0,0.0,0.0,0.0,0.0,0.0,0.0,1.5,0.0,1.5,0.0,0.0,0.0,0.0,0.0,0.0,0.0
0.24172182924365931,-0.17141832541507726,-0.034158724143330946,0.5606290581808696,-0.20577121188167424,-0.3792897749113351,0.0,0.0,0.0,0.0,0.0,0.0,0.0,0.0,0.0,0.0,0.0,1.5,0.0,0.0,0.0,0.0,0.0,0.0,0.0
-0.25017832552132074,-0.08366861000338886,-0.034158724143330946,-0.4072243007848094,0.3224495466649679,0.27695926572366886,0.0,0.0,0.0,0.0,0.0,0.0,0.0,0.0,0.0,0.0,0.0,0.0,0.0,0.0,0.0,0.0,1.5,0.0,1.5
0.5766325729134334,2.1304004805536754,-0.034158724143330946,-0.22575179597874465,1.619459421407007,-0.21966162989200982,1.5,0.0,0.0,0.0,0.0,0.0,0.0,0.0,0.0,0.0,0.0,0.0,1.5,0.0,0.0,0.0,0.0,0.0,0.0
0.0951983788881336,0.100754520692363,-0.034158724143330946,-0.4072243007848094,0.2176634185228218,-0.5389179199306604,0.0,0.0,0.0,0.0,0.0,0.0,1.5,1.5,0.0,1.5,0.0,0.0,1.5,0.0,0.0,0.0,0.0,0.0,1.5
-4.12258379920308,-0.31221447895699533,-0.43135319092625574,-0.4677151357201644,-0.27419859136446767,-0.5921273016037688,0.0,0.0,0.0,0.0,0.0,0.0,0.0,0.0,0.0,0.0,0.0,0.0,1.5,0.0,0.0,0.0,0.0,0.0,0.0
-0.009461228508670812,-0.30676110681276614,-0.43135319092625574,-0.4677151357201644,-0.2710882559334316,-0.6120808197311844,0.0,1.5,0.0,0.0,0.0,0.0,0.0,0.0,0.0,0.0,0.0,0.0,1.5,0.0,0.0,0.0,0.0,0.0,0.0
-4.12258379920308,-0.31271024006101616,-0.43135319092625574,-0.4677151357201644,-0.27473485609395665,-0.6076467045917588,0.0,0.0,0.0,0.0,0.0,0.0,0.0,0.0,0.0,0.0,0.0,0.0,1.5,0.0,0.0,0.0,0.0,0.0,0.0
0.5033708477356701,-0.2874264237559534,-0.43135319092625574,-0.4677151357201644,-0.26014845545185644,-0.13097932710349577,0.0,0.0,0.0,0.0,0.0,0.0,0.0,0.0,0.0,0.0,0.0,0.0,0.0,0.0,1.5,0.0,0.0,0.0,0.0
-0.04085911072771237,-0.23735455224984875,-0.43135319092625574,-0.28624263091409957,-0.08596967131383683,-0.13319638467320863,1.5,0.0,0.0,0.0,0.0,0.0,0.0,0.0,0.0,1.5,0.0,0.0,0.0,0.0,0.0,0.0,0.0,0.0,0.0
-0.08272295368643413,-0.27899848498759916,-0.43135319092625574,-0.4677151357201644,-0.26229351436981235,-0.5344838047912347,1.5,0.0,0.0,0.0,0.0,0.0,0.0,0.0,0.0,0.0,0.0,0.0,0.0,0.0,0.0,0.0,0.0,0.0,1.5
0.45104104403726814,-0.2923840347961618,-0.43135319092625574,-0.22575179597874465,-0.22164464787454796,-0.3238633356685139,0.0,0.0,0.0,0.0,0.0,0.0,0.0,0.0,0.0,1.5,0.0,0.0,0.0,1.5,0.0,0.0,0.0,0.0,0.0
0.35684739738014437,-0.2760239183634741,-0.43135319092625574,-0.28624263091409957,-0.2506029432669527,0.26587397787510464,0.0,0.0,0.0,0.0,0.0,0.0,0.0,0.0,0.0,0.0,0.0,0.0,0.0,0.0,0.0,0.0,0.0,0.0,1.5
0.13706222184685535,-0.23388422452170288,-0.43135319092625574,-0.22575179597874465,-0.15246649777046994,-0.37485565977190943,0.0,0.0,0.0,0.0,0.0,0.0,0.0,0.0,0.0,1.5,0.0,0.0,0.0,1.5,0.0,0.0,0.0,0.0,1.5
0.01147069297069007,-0.13274895930145186,-0.43135319092625574,-0.3467334658494545,0.021497780475754107,0.10846289042549216,1.5,1.5,0.0,0.0,0.0,0.0,0.0,0.0,0.0,0.0,0.0,1.5,0.0,0.0,0.0,0.0,0.0,0.0,0.0
0.47197296551662854,1.0089888632585389,-0.43135319092625574,0.07670237869803005,0.6829266978274581,0.30578101412993597,1.5,0.0,0.0,0.0,0.0,0.0,0.0,0.0,0.0,0.0,0.0,0.0,0.0,1.5,0.0,0.0,0.0,0.0,0.0
0.5033708477356701,1.1329291392637484,-0.43135319092625574,0.37915655337480475,0.5917616938143321,0.5164014832526568,1.5,0.0,0.0,0.0,0.0,0.0,0.0,0.0,0.0,0.0,0.0,0.0,0.0,0.0,0.0,0.0,0.0,0.0,0.0
0.29405163294206127,0.1458687811582593,-0.43135319092625574,-0.3467334658494545,0.09721836027959763,0.4210680077550042,1.5,1.5,0.0,0.0,0.0,0.0,0.0,0.0,0.0,0.0,0.0,0.0,0.0,0.0,0.0,0.0,0.0,0.0,0.0
0.15799414332621578,1.3575089193851881,-0.43135319092625574,0.07670237869803005,1.594898496796412,0.44988975616127125,1.5,0.0,0.0,0.0,0.0,0.0,0.0,0.0,0.0,0.0,0.0,0.0,0.0,0.0,0.0,1.5,0.0,0.0,0.0
0.2521877899833395,-0.2780069627795575,-0.43135319092625574,-0.4677151357201644,-0.2523189904013174,0.39446331691845,1.5,0.0,0.0,0.0,0.0,0.0,0.0,0.0,0.0,0.0,0.0,0.0,0.0,0.0,0.0,0.0,0.0,0.0,0.0
-4.12258379920308,-0.31271024006101616,-0.43135319092625574,-0.4677151357201644,-0.27398408547267206,0.1306334661226207,0.0,0.0,0.0,0.0,0.0,0.0,0.0,0.0,0.0,0.0,0.0,0.0,0.0,0.0,0.0,0.0,0.0,0.0,1.5
-4.12258379920308,-0.31271024006101616,-0.43135319092625574,-0.4677151357201644,-0.2745203502021611,-0.7428872163442427,0.0,0.0,1.5,0.0,0.0,1.5,0.0,0.0,0.0,1.5,0.0,0.0,1.5,0.0,0.0,0.0,0.0,0.0,0.0
-4.12258379920308,-0.31221447895699533,-0.43135319092625574,-0.4677151357201644,-0.27409133841856986,-0.3260803932382267,1.5,0.0,0.0,0.0,0.0,0.0,0.0,0.0,0.0,0.0,0.0,1.5,0.0,0.0,0.0,0.0,0.0,0.0,0.0
0.46150700477694834,-0.21306225815282767,-0.43135319092625574,-0.22575179597874465,-0.22239541849583253,-0.13319638467320863,1.5,0.0,0.0,0.0,0.0,0.0,0.0,0.0,0.0,0.0,0.0,1.5,0.0,0.0,0.0,0.0,0.0,0.0,0.0
-0.45949754031492956,-0.30874415122884946,-0.43135319092625574,-0.4072243007848094,-0.2665836322057242,-0.3083439326805239,1.5,0.0,0.0,0.0,0.0,0.0,0.0,0.0,0.0,0.0,0.0,0.0,0.0,0.0,0.0,0.0,0.0,0.0,0.0
0.4301091225579068,-0.2834603349237867,-0.43135319092625574,-0.4677151357201644,-0.26143549080263,-0.3704215446324837,1.5,0.0,0.0,0.0,0.0,1.5,0.0,0.0,0.0,0.0,0.0,0.0,0.0,0.0,0.0,0.0,0.0,0.0,0.0
-0.019927189248351487,-0.3077526290208078,-0.43135319092625574,-0.4072243007848094,-0.23526577200356794,-0.05781642730297168,0.0,0.0,0.0,0.0,0.0,0.0,0.0,0.0,0.0,0.0,0.0,0.0,0.0,0.0,0.0,0.0,1.5,0.0,1.5
0.3149835544214226,-0.24379944660211963,-0.43135319092625574,-0.4677151357201644,-0.20630747661116322,-0.2795221842742568,1.5,0.0,0.0,0.0,0.0,0.0,0.0,0.0,0.0,0.0,0.0,0.0,0.0,0.0,0.0,0.0,0.0,1.5,0.0
0.35684739738014437,-0.046486527201825986,-0.43135319092625574,1.8309365918233234,0.01581337434317095,0.7115025493873878,1.5,0.0,0.0,0.0,0.0,0.0,0.0,0.0,0.0,0.0,0.0,0.0,0.0,1.5,0.0,0.0,0.0,0.0,0.0
-0.2397123647816405,-0.30676110681276614,-0.43135319092625574,-0.4677151357201644,-0.271410014771125,-0.7916624828779255,0.0,0.0,0.0,0.0,0.0,0.0,0.0,0.0,1.5,0.0,0.0,0.0,0.0,0.0,0.0,0.0,0.0,0.0,0.0
0.45104104403726814,-0.2938713181082243,-0.43135319092625574,-0.4677151357201644,-0.26819242639419116,-0.2950415872622468,1.5,0.0,0.0,0.0,0.0,0.0,0.0,0.0,0.0,0.0,0.0,0.0,0.0,1.5,0.0,0.0,0.0,0.0,0.0
-0.06179103220707325,-0.310231434540912,-0.43135319092625574,-0.1652609610433897,-0.26368780266648373,-0.4746232504089878,1.5,0.0,0.0,0.0,0.0,0.0,0.0,0.0,0.0,1.5,0.0,0.0,0.0,0.0,0.0,0.0,0.0,0.0,0.0
0.021936653710370277,0.04175894931388324,-0.43135319092625574,0.07670237869803005,0.23021201319286388,0.4631921015795484,0.0,0.0,0.0,0.0,0.0,0.0,0.0,0.0,0.0,0.0,0.0,0.0,0.0,1.5,0.0,0.0,0.0,0.0,0.0
0.21032394702461776,-0.21256649704880684,-0.43135319092625574,-0.4072243007848094,-0.2277580657907223,-0.026777621326991765,1.5,0.0,0.0,0.0,0.0,0.0,0.0,0.0,0.0,0.0,0.0,0.0,0.0,0.0,0.0,1.5,0.0,0.0,0.0
0.45104104403726814,0.20188978591261403,-0.43135319092625574,-0.3467334658494545,0.2611008616114289,0.42328506532471705,0.0,0.0,0.0,0.0,0.0,0.0,0.0,0.0,0.0,0.0,0.0,0.0,0.0,1.5,0.0,0.0,0.0,0.0,0.0
0.5452346906943919,0.6852568623329314,-0.43135319092625574,-0.3467334658494545,0.3456161829788917,0.12619935098319499,1.5,0.0,0.0,0.0,0.0,0.0,0.0,0.0,0.0,0.0,0.0,0.0,0.0,0.0,0.0,1.5,0.0,0.0,0.0
0.47197296551662854,0.15033063109444683,-0.43135319092625574,0.5606290581808696,-0.07588789439944407,-0.0068241031995761,1.5,1.5,0.0,0.0,0.0,0.0,0.0,0.0,0.0,0.0,0.0,0.0,0.0,0.0,0.0,0.0,0.0,0.0,0.0
0.18939202554525733,-0.3097356734368911,-0.43135319092625574,-0.4677151357201644,-0.27280430306779635,-0.06668465758182308,0.0,0.0,0.0,0.0,0.0,0.0,0.0,0.0,1.5,0.0,0.0,0.0,0.0,0.0,0.0,0.0,0.0,1.5,0.0
0.13706222184685535,-0.2913925125881201,-0.43135319092625574,-0.4072243007848094,-0.2386978662722974,0.3146492444087874,0.0,0.0,0.0,0.0,0.0,0.0,0.0,0.0,0.0,0.0,0.0,0.0,0.0,0.0,0.0,0.0,0.0,0.0,1.5
0.3673133581198246,-0.29833316804441184,-0.43135319092625574,-0.4677151357201644,-0.2684069322859867,0.055253508752383745,0.0,0.0,0.0,0.0,0.0,0.0,0.0,0.0,0.0,0.0,0.0,0.0,0.0,0.0,0.0,0.0,0.0,0.0,1.5
-4.12258379920308,-0.31271024006101616,-0.43135319092625574,-0.4677151357201644,-0.27473485609395665,-0.8936471310847166,0.0,0.0,0.0,0.0,0.0,0.0,0.0,0.0,0.0,0.0,0.0,0.0,0.0,0.0,0.0,0.0,0.0,0.0,1.5
0.29405163294206127,-0.3092399123328703,-0.43135319092625574,-0.4677151357201644,-0.2694794617449647,-0.15758401794005,1.5,0.0,0.0,0.0,0.0,0.0,0.0,0.0,0.0,0.0,0.0,0.0,0.0,0.0,0.0,1.5,0.0,0.0,0.0
0.3673133581198246,-0.20612160269653593,-0.43135319092625574,-0.3467334658494545,-0.15557683320150603,0.170540502377452,0.0,1.5,0.0,0.0,0.0,0.0,0.0,0.0,0.0,0.0,0.0,0.0,0.0,0.0,0.0,0.0,0.0,0.0,0.0
0.4929048869959899,-0.2755281572594533,-0.43135319092625574,-0.28624263091409957,-0.2531770139684998,-0.2529174934377026,1.5,0.0,0.0,0.0,0.0,0.0,0.0,0.0,0.0,0.0,0.0,1.5,0.0,1.5,0.0,0.0,0.0,0.0,0.0
0.03240261445005095,-0.29932469025245356,-0.43135319092625574,-0.4072243007848094,-0.2532842669143976,-0.12432815439435721,1.5,0.0,0.0,0.0,0.0,0.0,0.0,0.0,0.0,0.0,0.0,0.0,0.0,0.0,0.0,1.5,0.0,0.0,0.0
-4.12258379920308,-0.31271024006101616,-0.43135319092625574,-0.4677151357201644,-0.27409133841856986,-0.07555288786067449,0.0,1.5,0.0,0.0,0.0,0.0,0.0,0.0,0.0,0.0,0.0,0.0,0.0,0.0,0.0,0.0,0.0,0.0,1.5
0.03240261445005095,-0.03310097739326335,-0.43135319092625574,-0.3467334658494545,0.019459974503695993,-0.1664522482189014,0.0,1.5,1.5,0.0,0.0,1.5,0.0,1.5,0.0,0.0,0.0,0.0,0.0,0.0,0.0,0.0,0.0,0.0,0.0
0.16846010406589598,-0.2596638019307865,-0.43135319092625574,-0.4677151357201644,-0.23140466595124734,0.2703080930145303,1.5,1.5,0.0,0.0,0.0,0.0,0.0,0.0,0.0,0.0,0.0,0.0,1.5,0.0,0.0,0.0,0.0,0.0,0.0
0.26265375072302066,-0.08763469883555557,-0.43135319092625574,-0.4072243007848094,0.1326118324258701,0.2991298414207974,1.5,1.5,0.0,0.0,0.0,0.0,0.0,0.0,0.0,0.0,0.0,0.0,0.0,0.0,0.0,1.5,0.0,0.0,0.0
-0.04085911072771237,0.11463583160494648,-0.43135319092625574,-0.4072243007848094,0.11008871378733308,0.3368198201059158,1.5,0.0,0.0,0.0,0.0,0.0,0.0,0.0,0.0,0.0,0.0,0.0,0.0,0.0,0.0,1.5,0.0,0.0,0.0
0.44057508329758793,-0.08912198214761809,-0.43135319092625574,-0.4677151357201644,-0.13434074991374254,0.29247866871165884,0.0,0.0,0.0,0.0,0.0,0.0,0.0,0.0,0.0,0.0,0.0,0.0,0.0,1.5,0.0,0.0,0.0,0.0,1.5
0.4824389262563097,-0.04747804940986766,-0.43135319092625574,-0.4072243007848094,-0.16265552763076052,-0.5211814593729577,0.0,1.5,0.0,0.0,0.0,1.5,0.0,0.0,0.0,0.0,0.0,0.0,1.5,0.0,0.0,0.0,0.0,0.0,0.0
0.4824389262563097,0.8875273927734335,-0.43135319092625574,0.3186657184394498,0.8947512659756038,-0.2373980904497126,0.0,0.0,0.0,0.0,0.0,0.0,0.0,0.0,0.0,1.5,0.0,0.0,0.0,1.5,0.0,0.0,1.5,0.0,0.0
0.16846010406589598,-0.30329077908462027,-0.43135319092625574,-0.4677151357201644,-0.26819242639419116,0.4631921015795484,1.5,1.5,0.0,0.0,0.0,0.0,0.0,0.0,0.0,0.0,1.5,0.0,0.0,1.5,0.0,1.5,0.0,0.0,1.5
0.335915475900783,-0.27255359063532825,-0.43135319092625574,-0.4072243007848094,-0.2412719369738445,0.3634245109424701,0.0,0.0,0.0,0.0,0.0,0.0,0.0,0.0,0.0,0.0,0.0,0.0,0.0,0.0,0.0,0.0,0.0,0.0,1.5
-0.15598467886419698,-0.2740408739473908,-0.43135319092625574,0.137193213633385,-0.22143014198275238,-0.03564585160584317,0.0,0.0,0.0,0.0,0.0,0.0,0.0,0.0,0.0,0.0,0.0,0.0,0.0,0.0,1.5,0.0,0.0,1.5,0.0
-0.019927189248351487,-0.2819730516117242,-0.43135319092625574,-0.28624263091409957,-0.22690004222353993,-0.5389179199306604,0.0,1.5,0.0,0.0,0.0,0.0,0.0,0.0,0.0,1.5,0.0,0.0,0.0,1.5,0.0,0.0,0.0,0.0,0.0
0.17892606480557713,-0.21653258588097354,-0.43135319092625574,12.295851035639727,-0.21982134779428542,0.39224625934873714,1.5,1.5,0.0,0.0,0.0,0.0,0.0,0.0,0.0,0.0,0.0,0.0,0.0,0.0,0.0,0.0,0.0,0.0,0.0
0.37777931885950483,-0.3042823012926619,-0.43135319092625574,-0.4677151357201644,-0.2674416557729066,-0.09550640598809015,1.5,1.5,0.0,0.0,0.0,0.0,0.0,0.0,0.0,0.0,0.0,0.0,0.0,0.0,0.0,0.0,1.5,0.0,0.0
-4.12258379920308,-0.31221447895699533,-0.43135319092625574,-0.4072243007848094,-0.26733440282700877,-0.6032125894523331,1.5,1.5,0.0,0.0,0.0,0.0,0.0,0.0,0.0,1.5,0.0,0.0,0.0,0.0,0.0,0.0,0.0,0.0,1.5
-4.12258379920308,-0.3117187178529745,-0.43135319092625574,-0.4677151357201644,-0.27398408547267206,-0.34825096893535523,0.0,0.0,0.0,0.0,0.0,0.0,0.0,0.0,0.0,0.0,0.0,0.0,0.0,0.0,1.5,0.0,0.0,1.5,1.5
0.06380049666909204,-0.25718499641068227,-0.43135319092625574,-0.4677151357201644,-0.24695634310642764,-0.11102580897608011,0.0,0.0,0.0,0.0,0.0,0.0,0.0,0.0,1.5,0.0,0.0,0.0,0.0,0.0,0.0,0.0,0.0,0.0,0.0
0.14752818258653558,-0.3018034957725577,-0.43135319092625574,-0.4677151357201644,-0.2691577029072713,-0.1841887087766042,1.5,1.5,0.0,0.0,0.0,0.0,0.0,0.0,0.0,0.0,0.0,0.0,0.0,0.0,0.0,0.0,0.0,0.0,0.0
0.27311971146270086,0.4681134987718042,-0.43135319092625574,0.3186657184394498,0.6361644134160193,0.2570057475962532,0.0,0.0,0.0,0.0,0.0,0.0,0.0,0.0,0.0,0.0,0.0,0.0,0.0,0.0,0.0,0.0,0.0,0.0,1.5
0.23125586850397908,-0.18579539743168155,-0.43135319092625574,1.0445557376637091,-0.215852988796067,-0.45910384742099775,1.5,0.0,1.5,0.0,0.0,0.0,0.0,0.0,0.0,0.0,0.0,1.5,0.0,0.0,0.0,0.0,0.0,0.0,0.0
0.23125586850397908,0.4586940377954083,-0.43135319092625574,-0.1652609610433897,0.43935525769356487,0.22374988405056043,0.0,0.0,0.0,0.0,0.0,0.0,0.0,0.0,0.0,0.0,0.0,1.5,0.0,0.0,0.0,0.0,0.0,0.0,0.0
0.47197296551662854,-0.1848038752236399,-0.43135319092625574,-0.4677151357201644,-0.19418789372471235,-0.0932893484183773,1.5,0.0,0.0,0.0,0.0,0.0,0.0,0.0,0.0,0.0,0.0,1.5,0.0,0.0,0.0,0.0,0.0,0.0,0.0
0.4824389262563097,1.0461709460601016,-0.43135319092625574,1.286519077405129,0.9200629612074837,0.6937660888296849,1.5,0.0,0.0,0.0,0.0,0.0,0.0,0.0,0.0,0.0,0.0,0.0,0.0,1.5,0.0,0.0,0.0,0.0,0.0
0.35684739738014437,1.5444108556010443,-0.43135319092625574,0.19768404856873992,1.0924184452652408,0.5119673681132312,1.5,0.0,0.0,0.0,0.0,0.0,0.0,0.0,0.0,0.0,0.0,0.0,0.0,1.5,0.0,0.0,0.0,0.0,0.0
0.16846010406589598,0.5211599369020339,-0.43135319092625574,-0.1652609610433897,0.7116704873280673,0.44988975616127125,1.5,0.0,0.0,0.0,0.0,0.0,0.0,0.0,0.0,0.0,0.0,0.0,0.0,0.0,0.0,1.5,0.0,0.0,0.0
0.07426645740877225,0.4899269873487211,-0.43135319092625574,0.43964738831015965,0.6696273325361315,0.4631921015795484,1.5,1.5,0.0,0.0,0.0,0.0,0.0,0.0,0.0,0.0,0.0,0.0,0.0,1.5,0.0,0.0,0.0,0.0,0.0
0.44057508329758793,-0.2547061908905781,-0.43135319092625574,0.37915655337480475,-0.23934138394768417,0.04195116333410663,1.5,0.0,0.0,0.0,0.0,0.0,0.0,0.0,0.0,0.0,0.0,0.0,0.0,1.5,0.0,0.0,0.0,0.0,0.0
0.2521877899833395,-0.2973416458363702,-0.43135319092625574,-0.3467334658494545,-0.2599339495600609,0.230401056759699,0.0,0.0,0.0,0.0,0.0,0.0,0.0,0.0,0.0,0.0,0.0,0.0,0.0,1.5,0.0,0.0,0.0,0.0,0.0
-4.12258379920308,-0.313206001165037,-0.43135319092625574,-0.4677151357201644,-0.27473485609395665,-0.8936471310847166,0.0,0.0,0.0,0.0,0.0,0.0,0.0,0.0,0.0,0.0,0.0,0.0,0.0,0.0,0.0,0.0,0.0,1.5,0.0
0.37777931885950483,-0.2393375966659321,-0.43135319092625574,-0.22575179597874465,-0.2463128254310409,-0.09107229084866446,0.0,0.0,0.0,0.0,0.0,0.0,0.0,0.0,0.0,0.0,0.0,0.0,0.0,0.0,0.0,0.0,0.0,0.0,1.5
0.47197296551662854,0.6862483845409731,-0.43135319092625574,-0.28624263091409957,0.4221947863499176,-0.4746232504089878,0.0,1.5,0.0,0.0,0.0,0.0,0.0,0.0,0.0,1.5,0.0,0.0,0.0,0.0,0.0,0.0,0.0,0.0,0.0
0.45104104403726814,0.4487788157149915,-0.43135319092625574,0.5606290581808696,0.3852997729610759,0.3079980716996488,1.5,0.0,0.0,0.0,0.0,0.0,0.0,0.0,0.0,0.0,0.0,0.0,0.0,1.5,0.0,0.0,0.0,0.0,0.0
0.08473241814845246,1.3133861811273335,-0.43135319092625574,0.19768404856873992,1.4331610543825366,0.6671613979931307,1.5,0.0,0.0,0.0,0.0,0.0,0.0,0.0,0.0,0.0,0.0,0.0,0.0,1.5,0.0,1.5,0.0,0.0,0.0
0.01147069297069007,-0.30477806239668276,-0.8285476577091805,-0.4677151357201644,-0.2715172677170228,-0.30612687511081105,0.0,0.0,0.0,1.5,1.5,0.0,0.0,0.0,0.0,0.0,0.0,0.0,0.0,0.0,0.0,0.0,0.0,0.0,0.0
-0.5013613832736513,-0.2690832629071824,-0.8285476577091805,-0.4072243007848094,-0.1764911576515761,-0.6298172802888873,0.0,1.5,0.0,0.0,0.0,1.5,0.0,0.0,0.0,1.5,0.0,0.0,0.0,0.0,0.0,0.0,0.0,0.0,0.0
-0.2920421684800425,-0.25569771309861977,-0.8285476577091805,-0.4677151357201644,-0.24995942559156592,-0.4990108836758291,0.0,0.0,0.0,0.0,1.5,0.0,0.0,0.0,0.0,0.0,0.0,0.0,0.0,0.0,0.0,0.0,0.0,0.0,1.5
-4.12258379920308,-0.31122295674895367,-0.8285476577091805,-0.4677151357201644,-0.27248254423010293,-0.8093989434356283,0.0,0.0,1.5,0.0,0.0,0.0,0.0,0.0,0.0,0.0,0.0,0.0,0.0,0.0,1.5,0.0,0.0,0.0,0.0
0.24172182924365931,-0.3077526290208078,-0.8285476577091805,-0.4677151357201644,-0.27183902655471615,-0.19970811176459416,0.0,0.0,0.0,0.0,0.0,0.0,0.0,0.0,0.0,0.0,0.0,0.0,0.0,0.0,1.5,0.0,0.0,0.0,0.0
-0.1245867966451559,-0.28693066265193257,-0.8285476577091805,-0.4677151357201644,-0.25703812002082044,0.0840752571586508,0.0,0.0,0.0,0.0,0.0,0.0,0.0,0.0,0.0,0.0,0.0,0.0,0.0,1.5,0.0,0.0,0.0,0.0,1.5
0.37777931885950483,-0.193727575096015,-0.8285476577091805,-0.22575179597874465,-0.12747656137628363,-0.3460339113656423,0.0,0.0,0.0,0.0,0.0,0.0,0.0,0.0,0.0,1.5,0.0,0.0,1.5,0.0,0.0,0.0,0.0,0.0,0.0
0.4824389262563097,-0.29287979590018265,-0.8285476577091805,-0.4072243007848094,-0.2635805497205859,0.07742408444951225,0.0,0.0,0.0,0.0,0.0,0.0,0.0,0.0,0.0,0.0,0.0,0.0,0.0,0.0,0.0,0.0,0.0,0.0,1.5
0.45104104403726814,-0.162990386646723,-0.8285476577091805,0.3186657184394498,-0.2093105590963015,0.18162579022601627,0.0,0.0,0.0,0.0,0.0,0.0,0.0,0.0,0.0,0.0,0.0,0.0,0.0,0.0,1.5,0.0,0.0,0.0,0.0
-0.6269529121498166,-0.1332447204054727,-0.8285476577091805,-0.28624263091409957,0.13336260304715467,0.07077291174037369,1.5,0.0,0.0,0.0,0.0,0.0,0.0,0.0,0.0,0.0,1.5,0.0,0.0,1.5,0.0,0.0,0.0,0.0,1.5
0.11613030036749401,0.49587612059697117,-0.8285476577091805,-0.28624263091409957,0.7203579759457887,0.214881653771709,1.5,0.0,0.0,0.0,0.0,0.0,0.0,0.0,0.0,0.0,0.0,0.0,0.0,0.0,0.0,1.5,0.0,0.0,0.0
0.14752818258653558,-0.1748886531432231,-0.8285476577091805,-0.4677151357201644,-0.1979417468311352,0.28804455357223313,1.5,0.0,0.0,0.0,0.0,0.0,0.0,0.0,0.0,0.0,0.0,0.0,0.0,0.0,0.0,0.0,0.0,0.0,0.0
0.13706222184685535,-0.10052448754009737,-0.8285476577091805,-0.1652609610433897,0.11319904921836912,0.028648817915829523,1.5,1.5,0.0,0.0,0.0,0.0,0.0,0.0,0.0,1.5,0.0,1.5,0.0,0.0,0.0,0.0,0.0,0.0,0.0
0.4196431618182266,0.05762330464255007,-0.8285476577091805,-0.1652609610433897,0.050563328814056646,-0.24404926315885117,0.0,1.5,0.0,0.0,0.0,0.0,0.0,0.0,0.0,1.5,0.0,0.0,0.0,0.0,0.0,0.0,0.0,0.0,0.0
0.01147069297069007,-0.046982288305846824,-0.8285476577091805,-0.10477012610803477,0.20790340044612243,0.35455628066361866,1.5,0.0,0.0,0.0,0.0,0.0,0.0,0.0,0.0,0.0,0.0,0.0,0.0,1.5,0.0,0.0,0.0,0.0,0.0
0.335915475900783,1.1468104501763319,-0.8285476577091805,0.5001382232455147,0.8729789179583515,0.5252697135315082,1.5,0.0,0.0,0.0,0.0,0.0,0.0,0.0,0.0,0.0,0.0,0.0,0.0,0.0,0.0,1.5,0.0,0.0,0.0
0.3254495151611028,0.444316965778804,-0.8285476577091805,0.07670237869803005,0.43903349885587145,0.1572381569591749,1.5,0.0,0.0,0.0,0.0,0.0,0.0,0.0,0.0,0.0,0.0,0.0,0.0,0.0,0.0,0.0,0.0,0.0,0.0
0.4929048869959899,1.0099803854665805,-0.8285476577091805,-0.04427929117267983,0.9814116462610225,0.25478869002654037,1.5,0.0,0.0,0.0,0.0,0.0,0.0,0.0,0.0,1.5,0.0,1.5,0.0,0.0,0.0,0.0,0.0,0.0,0.0
-0.564157147711734,-0.29287979590018265,-0.8285476577091805,-0.4677151357201644,-0.251997231563624,-0.25513455100741544,0.0,0.0,0.0,0.0,0.0,0.0,0.0,0.0,0.0,0.0,0.0,0.0,0.0,0.0,0.0,0.0,0.0,1.5,0.0
-0.06179103220707325,-0.3097356734368911,-0.8285476577091805,-0.4677151357201644,-0.2709810029875338,-0.07555288786067449,0.0,0.0,0.0,0.0,0.0,0.0,0.0,0.0,0.0,0.0,0.0,0.0,0.0,0.0,0.0,0.0,0.0,0.0,1.5
0.11613030036749401,-0.2680917406991407,-0.8285476577091805,-0.4677151357201644,-0.2558583376159447,-0.5633055531975018,1.5,0.0,1.5,0.0,0.0,0.0,0.0,0.0,0.0,0.0,0.0,0.0,0.0,0.0,0.0,0.0,0.0,1.5,0.0
0.335915475900783,-0.3042823012926619,-0.8285476577091805,-0.4677151357201644,-0.2696939676367603,-0.12876226953378292,1.5,0.0,0.0,0.0,0.0,0.0,0.0,0.0,0.0,0.0,0.0,0.0,1.5,0.0,0.0,0.0,0.0,0.0,0.0
0.15799414332621578,-0.16646071437486887,-0.8285476577091805,-0.22575179597874465,0.01216677418264591,0.40333154719730135,0.0,0.0,0.0,0.0,0.0,0.0,0.0,0.0,0.0,0.0,0.0,0.0,0.0,0.0,0.0,0.0,1.5,0.0,1.5
0.3254495151611028,0.017962416320883,-0.8285476577091805,-0.10477012610803477,0.008520174022120868,-0.36820448706277087,0.0,1.5,0.0,0.0,0.0,0.0,0.0,0.0,0.0,0.0,0.0,0.0,0.0,0.0,0.0,0.0,0.0,0.0,0.0
0.16846010406589598,-0.21207073594478598,-0.8285476577091805,0.8630832328576443,-0.23065389532996275,0.8489601187095845,1.5,0.0,1.5,0.0,0.0,0.0,0.0,0.0,1.5,0.0,0.0,0.0,0.0,0.0,0.0,0.0,0.0,0.0,0.0
0.35684739738014437,-0.2393375966659321,-0.8285476577091805,-0.4677151357201644,-0.24309523705410704,-0.028994678896704613,0.0,0.0,0.0,0.0,0.0,0.0,0.0,0.0,1.5,0.0,0.0,0.0,0.0,0.0,0.0,0.0,0.0,0.0,0.0
-0.019927189248351487,0.1577670476547594,-0.8285476577091805,-0.10477012610803477,0.21927221271128872,0.055253508752383745,0.0,0.0,0.0,0.0,0.0,0.0,0.0,0.0,1.5,0.0,0.0,0.0,0.0,0.0,0.0,0.0,0.0,0.0,0.0
0.3463814366404632,0.5310751589824507,-0.8285476577091805,0.5001382232455147,0.30196423399848893,0.5651767497863396,1.5,0.0,0.0,0.0,0.0,0.0,0.0,0.0,0.0,0.0,0.0,0.0,0.0,0.0,0.0,0.0,0.0,0.0,0.0
0.4824389262563097,-0.18827420295178576,-0.8285476577091805,-0.3467334658494545,-0.17702742238106509,0.23483517189912467,0.0,0.0,0.0,0.0,0.0,0.0,0.0,0.0,0.0,0.0,0.0,0.0,0.0,0.0,0.0,0.0,1.5,0.0,1.5
0.5557006514340721,0.5077743870934713,-0.8285476577091805,0.137193213633385,0.3122605168046773,1.0218906091471869,1.5,1.5,0.0,0.0,0.0,0.0,0.0,0.0,0.0,0.0,0.0,1.5,0.0,0.0,0.0,0.0,0.0,0.0,0.0
-0.19784852182291876,0.4383678325305539,-0.8285476577091805,-0.04427929117267983,0.7468494535825441,-0.28395629941368256,0.0,0.0,0.0,0.0,0.0,0.0,0.0,0.0,0.0,0.0,0.0,0.0,0.0,0.0,0.0,1.5,0.0,0.0,0.0
0.47197296551662854,-0.11638884286876419,-0.8285476577091805,0.3186657184394498,-0.056796870029636494,1.123875257353978,1.5,1.5,0.0,0.0,0.0,0.0,0.0,0.0,0.0,0.0,0.0,0.0,0.0,0.0,0.0,0.0,0.0,0.0,0.0
0.46150700477694834,-0.12332949832505592,-0.8285476577091805,0.19768404856873992,0.033402857470409386,0.18162579022601627,1.5,1.5,0.0,0.0,0.0,0.0,0.0,0.0,0.0,0.0,0.0,1.5,0.0,0.0,0.0,0.0,0.0,0.0,0.0
0.45104104403726814,-0.014262055440471492,-0.8285476577091805,-0.4677151357201644,-0.058298411272205634,0.1749746175168777,0.0,0.0,1.5,0.0,0.0,0.0,0.0,0.0,0.0,0.0,0.0,0.0,0.0,0.0,1.5,0.0,0.0,0.0,0.0
0.23125586850397908,0.38432987219228254,-0.8285476577091805,0.43964738831015965,0.5221545319266628,0.008695299788413859,0.0,0.0,0.0,0.0,0.0,0.0,0.0,0.0,0.0,0.0,0.0,0.0,0.0,0.0,0.0,0.0,1.5,0.0,1.5
-4.12258379920308,-0.31122295674895367,-0.8285476577091805,-0.4677151357201644,-0.27205353244651176,0.12841640855290784,0.0,0.0,0.0,0.0,0.0,0.0,0.0,0.0,0.0,0.0,0.0,0.0,0.0,0.0,0.0,0.0,0.0,0.0,1.5
0.26265375072302066,-0.2502443409543905,-0.8285476577091805,-0.4677151357201644,-0.23655280735434148,0.36564156851218294,1.5,0.0,0.0,0.0,0.0,0.0,0.0,0.0,0.0,0.0,0.0,1.5,0.0,0.0,0.0,0.0,0.0,0.0,0.0
0.15799414332621578,-0.20810464711261928,-0.8285476577091805,-0.3467334658494545,-0.2272218010612333,-0.031211736466417464,0.0,0.0,1.5,0.0,0.0,0.0,0.0,0.0,0.0,0.0,0.0,0.0,0.0,0.0,1.5,0.0,0.0,0.0,0.0
0.45104104403726814,0.021928505153049706,-0.8285476577091805,-0.4072243007848094,-0.14141944434299702,0.2392692870385504,1.5,0.0,0.0,0.0,0.0,0.0,0.0,0.0,0.0,0.0,0.0,0.0,0.0,0.0,0.0,0.0,0.0,0.0,0.0
0.3673133581198246,-0.19818942503220252,-0.8285476577091805,-0.3467334658494545,-0.08049977107304927,-0.2107933996131584,0.0,0.0,1.5,0.0,0.0,0.0,0.0,0.0,0.0,0.0,0.0,0.0,0.0,0.0,0.0,0.0,0.0,1.5,0.0
-0.030393149988031692,-0.227439330169432,-0.8285476577091805,-0.3467334658494545,-0.17370258105823344,-0.34825096893535523,0.0,0.0,1.5,0.0,0.0,0.0,0.0,0.0,0.0,0.0,0.0,0.0,1.5,0.0,0.0,0.0,0.0,0.0,0.0
0.29405163294206127,-0.2963501236283285,-0.8285476577091805,-0.4677151357201644,-0.2566091082372292,-0.43693327172386925,0.0,0.0,0.0,0.0,0.0,0.0,0.0,0.0,0.0,0.0,0.0,0.0,0.0,0.0,0.0,0.0,0.0,0.0,1.5
-0.11412083590547523,-0.16100734223063964,-0.8285476577091805,-0.22575179597874465,-0.011857885698460248,0.19271107807458052,1.5,1.5,0.0,0.0,0.0,0.0,0.0,0.0,0.0,1.5,0.0,1.5,0.0,0.0,0.0,0.0,0.0,0.0,0.0
-0.04085911072771237,-0.25916804082676564,-0.8285476577091805,-0.4677151357201644,-0.22904510114149584,-0.04451408188469458,0.0,0.0,0.0,0.0,0.0,0.0,0.0,0.0,0.0,0.0,0.0,0.0,0.0,0.0,0.0,1.5,0.0,0.0,0.0
0.0951983788881336,0.41258825512147035,-0.8285476577091805,0.25817488350409484,0.13861799739614664,0.47649444699782545,1.5,0.0,0.0,0.0,0.0,0.0,0.0,0.0,0.0,0.0,0.0,0.0,0.0,0.0,0.0,1.5,0.0,0.0,0.0
0.4824389262563097,-0.2720578295313074,-0.8285476577091805,-0.4677151357201644,-0.2510319550505439,-0.4191968111661664,1.5,1.5,0.0,0.0,0.0,0.0,0.0,0.0,0.0,0.0,0.0,1.5,0.0,0.0,0.0,0.0,0.0,0.0,0.0
0.04286857518973116,-0.004842594464075563,-0.8285476577091805,-0.22575179597874465,0.08810185987828502,-0.3526850840747809,0.0,1.5,0.0,0.0,0.0,0.0,0.0,0.0,0.0,1.5,0.0,0.0,1.5,0.0,0.0,0.0,1.5,0.0,0.0
0.38824527959918503,-0.28494761823584924,-0.8285476577091805,-0.4677151357201644,-0.2532842669143976,0.08185819958893796,1.5,1.5,0.0,0.0,0.0,0.0,0.0,0.0,0.0,0.0,0.0,0.0,0.0,1.5,0.0,0.0,0.0,0.0,0.0
0.15799414332621578,0.12752562030948827,-0.8285476577091805,3.040753290530422,-0.021403397883364036,0.4210680077550042,1.5,0.0,0.0,0.0,0.0,0.0,0.0,0.0,0.0,0.0,0.0,0.0,0.0,1.5,0.0,0.0,0.0,0.0,0.0
-0.375769854397486,-0.2576807575147031,-0.8285476577091805,0.01621154376267511,-0.10860004289827166,-0.6697243165437187,0.0,0.0,0.0,0.0,0.0,0.0,0.0,0.0,0.0,0.0,0.0,0.0,0.0,0.0,1.5,0.0,0.0,1.5,0.0
0.47197296551662854,0.26584296833130217,-0.8285476577091805,-0.4677151357201644,-0.053793787544498234,0.30134689899051026,1.5,0.0,0.0,0.0,0.0,0.0,0.0,0.0,0.0,0.0,0.0,0.0,0.0,1.5,0.0,0.0,0.0,0.0,0.0
-0.10365487516579501,0.21725838013726,-0.8285476577091805,0.137193213633385,0.4253051217809536,0.3700756836516086,1.5,0.0,0.0,0.0,0.0,0.0,0.0,0.0,0.0,0.0,0.0,0.0,0.0,1.5,0.0,0.0,0.0,0.0,0.0
0.46150700477694834,0.4383678325305539,-0.8285476577091805,-0.10477012610803477,0.5231198084397429,0.3257345322573516,0.0,1.5,0.0,0.0,0.0,0.0,0.0,0.0,0.0,0.0,0.0,1.5,0.0,0.0,0.0,0.0,0.0,0.0,0.0
0.24172182924365931,-0.29436707921224514,-0.8285476577091805,-0.22575179597874465,-0.26175724964032343,-0.6253831651494616,0.0,0.0,0.0,0.0,0.0,1.5,0.0,0.0,0.0,1.5,0.0,0.0,1.5,0.0,0.0,0.0,0.0,0.0,1.5
0.15799414332621578,-0.2963501236283285,-0.8285476577091805,1.0445557376637091,-0.26604736747623525,0.07742408444951225,0.0,0.0,1.5,0.0,0.0,0.0,0.0,0.0,0.0,0.0,0.0,0.0,0.0,0.0,1.5,0.0,0.0,0.0,0.0
0.3045175936817424,-0.2537146686825364,-0.8285476577091805,-0.22575179597874465,-0.21445870049939564,-0.30612687511081105,0.0,1.5,0.0,0.0,0.0,0.0,0.0,0.0,0.0,1.5,0.0,0.0,0.0,1.5,0.0,0.0,0.0,0.0,0.0
0.08473241814845246,-0.29040099038007844,-0.8285476577091805,-0.4072243007848094,-0.2506029432669527,0.10402877528606647,1.5,1.5,0.0,0.0,0.0,0.0,0.0,0.0,0.0,0.0,0.0,0.0,0.0,0.0,0.0,1.5,0.0,0.0,1.5
0.16846010406589598,-0.26462141297099484,-0.8285476577091805,0.9840649027283541,-0.20909605320450592,0.42550212289442996,1.5,0.0,0.0,0.0,0.0,0.0,0.0,0.0,0.0,0.0,0.0,0.0,0.0,0.0,0.0,1.5,0.0,0.0,0.0
0.4301091225579068,0.33128343406205285,-0.8285476577091805,-0.3467334658494545,0.36631600153716615,0.12619935098319499,1.5,0.0,0.0,0.0,0.0,0.0,0.0,0.0,0.0,0.0,0.0,0.0,0.0,0.0,0.0,0.0,0.0,0.0,0.0
0.10566433962781381,-0.19620638061611917,-0.8285476577091805,-0.28624263091409957,-0.12608227307961228,0.08185819958893796,0.0,0.0,1.5,0.0,0.0,0.0,0.0,0.0,0.0,0.0,0.0,0.0,0.0,0.0,1.5,0.0,0.0,0.0,0.0
0.29405163294206127,-0.28296457381976586,-0.8285476577091805,-0.28624263091409957,-0.2574671318044116,-0.7739260223202227,1.5,0.0,0.0,0.0,0.0,0.0,0.0,0.0,0.0,0.0,0.0,1.5,0.0,0.0,0.0,0.0,0.0,0.0,0.0
0.28358567220238107,-0.10796090410040994,-0.8285476577091805,0.25817488350409484,-0.1885034875921292,-0.05338231216354598,0.0,0.0,0.0,0.0,0.0,0.0,0.0,0.0,0.0,0.0,0.0,0.0,0.0,0.0,0.0,0.0,1.5,0.0,0.0
0.45104104403726814,0.6862483845409731,-0.8285476577091805,-0.28624263091409957,0.5406020386210837,-0.48349148068783915,0.0,1.5,0.0,0.0,0.0,0.0,0.0,0.0,0.0,1.5,0.0,0.0,0.0,0.0,0.0,0.0,0.0,0.0,0.0
0.3987112403388661,-0.02616032193697161,-0.8285476577091805,2.012409096629388,-0.15257375071636775,0.40333154719730135,0.0,0.0,0.0,0.0,0.0,0.0,0.0,0.0,0.0,0.0,0.0,0.0,0.0,1.5,0.0,0.0,0.0,0.0,0.0
0.4091772010785464,-0.2383460744578904,-0.8285476577091805,-0.4677151357201644,-0.23569478378715913,-0.4036774081781765,1.5,0.0,0.0,0.0,0.0,0.0,0.0,0.0,0.0,0.0,0.0,1.5,0.0,0.0,0.0,0.0,0.0,0.0,0.0
0.3149835544214226,0.5380158144387425,-0.8285476577091805,0.137193213633385,0.501132954530695,-0.09550640598809015,1.5,0.0,0.0,0.0,0.0,0.0,0.0,0.0,0.0,1.5,0.0,1.5,0.0,1.5,0.0,0.0,0.0,0.0,0.0
0.22078990776429888,-0.2353715078337654,-0.8285476577091805,0.5001382232455147,-0.16780366903385469,0.35899039580304437,1.5,0.0,0.0,0.0,0.0,0.0,0.0,0.0,0.0,0.0,0.0,0.0,0.0,1.5,0.0,0.0,0.0,0.0,0.0
-0.10365487516579501,0.6584857627158062,-0.8285476577091805,-0.10477012610803477,0.5539014039124103,0.5186185408223697,1.5,0.0,0.0,0.0,0.0,0.0,0.0,0.0,0.0,0.0,0.0,0.0,0.0,0.0,0.0,1.5,0.0,0.0,0.0
0.21032394702461776,-0.310231434540912,-0.8285476577091805,-0.4677151357201644,-0.27119550887932936,-0.5455690926397989,1.5,0.0,0.0,0.0,0.0,0.0,0.0,0.0,0.0,0.0,0.0,0.0,0.0,1.5,0.0,0.0,0.0,0.0,0.0
-0.35483793291812515,-0.29932469025245356,-0.8285476577091805,-0.4677151357201644,-0.2553220728864557,-0.24404926315885117,0.0,0.0,0.0,0.0,0.0,0.0,0.0,0.0,0.0,0.0,0.0,0.0,0.0,0.0,0.0,0.0,0.0,1.5,0.0
0.10566433962781381,-0.3003162124604952,-0.8285476577091805,-0.4677151357201644,-0.26883594406957795,-0.17532047849775279,0.0,0.0,0.0,0.0,0.0,0.0,0.0,0.0,0.0,0.0,0.0,0.0,0.0,0.0,1.5,0.0,0.0,0.0,0.0
-0.009461228508670812,-0.29287979590018265,-0.8285476577091805,-0.4677151357201644,-0.2615427437485278,-0.02234350618756606,1.5,0.0,1.5,0.0,0.0,1.5,0.0,0.0,0.0,0.0,0.0,0.0,0.0,0.0,0.0,0.0,0.0,0.0,0.0
0.3673133581198246,-0.310231434540912,-0.8285476577091805,-0.4677151357201644,-0.2731260619054897,-0.1531499028006243,1.5,1.5,0.0,0.0,0.0,0.0,0.0,0.0,0.0,0.0,0.0,0.0,0.0,1.5,0.0,0.0,0.0,0.0,0.0
0.4301091225579068,-0.17389713093518144,-0.8285476577091805,1.7704457568879683,-0.21081210033887066,-0.2928245296925339,0.0,0.0,0.0,0.0,0.0,1.5,0.0,1.5,0.0,0.0,0.0,0.0,0.0,0.0,0.0,0.0,1.5,0.0,0.0
0.45104104403726814,-0.16150310333466047,-0.8285476577091805,-0.4677151357201644,-0.2115628709601552,-0.7007631225196986,1.5,0.0,0.0,0.0,0.0,0.0,0.0,0.0,0.0,0.0,0.0,0.0,0.0,0.0,1.5,0.0,0.0,0.0,0.0
-0.09318891442611434,-0.2839560960278075,-0.8285476577091805,-0.4677151357201644,-0.25843240831749176,-0.2994757024016725,0.0,0.0,1.5,0.0,0.0,0.0,0.0,0.0,1.5,0.0,0.0,0.0,0.0,0.0,0.0,0.0,0.0,0.0,0.0
-0.19784852182291876,-0.09457535429184731,-0.8285476577091805,-0.3467334658494545,0.06118137045793838,-0.7074142952288371,1.5,0.0,1.5,0.0,0.0,1.5,0.0,0.0,0.0,1.5,0.0,0.0,0.0,0.0,0.0,0.0,0.0,0.0,0.0
0.4196431618182266,-0.2442952077061405,-0.8285476577091805,-0.1652609610433897,-0.197512735047544,-0.35711919921420665,0.0,1.5,0.0,0.0,0.0,1.5,0.0,0.0,0.0,1.5,0.0,0.0,1.5,0.0,0.0,0.0,0.0,0.0,0.0
0.01147069297069007,-0.18232506970353568,-0.8285476577091805,-0.4072243007848094,-0.02236867439644419,0.32351747468763875,1.5,1.5,1.5,0.0,0.0,0.0,1.5,0.0,1.5,0.0,0.0,0.0,0.0,1.5,0.0,0.0,1.5,0.0,1.5
0.4824389262563097,-0.2661086962830574,-0.8285476577091805,1.7099549219526133,-0.24910140202438355,-0.35933625678391945,0.0,0.0,0.0,0.0,0.0,0.0,0.0,0.0,0.0,0.0,0.0,0.0,0.0,1.5,0.0,0.0,0.0,0.0,1.5
0.23125586850397908,-0.11341427624463916,-0.8285476577091805,-0.1652609610433897,0.1854875347534832,0.02643176034611667,0.0,0.0,0.0,0.0,0.0,0.0,0.0,0.0,0.0,1.5,0.0,0.0,0.0,0.0,0.0,0.0,1.5,0.0,0.0
0.44057508329758793,-0.19719790282416083,-0.8285476577091805,-0.04427929117267983,-0.12779832021397702,-0.31499510538966247,1.5,1.5,0.0,0.0,0.0,0.0,0.0,0.0,0.0,1.5,0.0,0.0,0.0,0.0,0.0,1.5,0.0,0.0,0.0
0.053334535929411835,-0.23338846341768205,-0.8285476577091805,-0.10477012610803477,-0.14978517412302506,-0.17532047849775279,1.5,1.5,0.0,0.0,0.0,0.0,0.0,0.0,0.0,1.5,0.0,0.0,0.0,1.5,0.0,0.0,0.0,0.0,0.0
0.3463814366404632,0.19395760824828062,-0.8285476577091805,-0.3467334658494545,0.30646885772619636,0.5252697135315082,1.5,0.0,0.0,0.0,0.0,0.0,0.0,0.0,0.0,0.0,0.0,0.0,0.0,0.0,0.0,1.5,0.0,0.0,0.0
-0.019927189248351487,-0.11638884286876419,-0.8285476577091805,4.61351499884965,-0.17809995184004304,0.09072642986778935,0.0,1.5,0.0,0.0,0.0,0.0,0.0,0.0,0.0,0.0,0.0,0.0,0.0,1.5,0.0,0.0,0.0,0.0,0.0
0.44057508329758793,0.4091179273933245,-0.8285476577091805,-0.3467334658494545,0.4720674061923924,0.29247866871165884,1.5,0.0,0.0,0.0,0.0,0.0,0.0,0.0,0.0,0.0,0.0,0.0,0.0,1.5,0.0,0.0,0.0,0.0,0.0
-0.7316125195466205,-0.15109212015022289,-0.8285476577091805,1.286519077405129,-0.06977447648326973,0.19049402050486766,0.0,1.5,0.0,0.0,0.0,0.0,0.0,0.0,0.0,0.0,0.0,0.0,0.0,1.5,0.0,0.0,0.0,0.0,0.0
0.29405163294206127,-0.16745223658291053,-0.8285476577091805,-0.4677151357201644,-0.19032678767239172,-0.1708863633583271,1.5,0.0,0.0,0.0,0.0,0.0,0.0,0.0,0.0,0.0,0.0,1.5,0.0,0.0,0.0,0.0,0.0,0.0,0.0
0.3045175936817424,-0.08664317662751389,-0.8285476577091805,-0.4072243007848094,-0.02193966261285301,0.5075332529738054,0.0,0.0,0.0,0.0,0.0,0.0,0.0,0.0,0.0,0.0,0.0,0.0,0.0,0.0,0.0,1.5,0.0,0.0,0.0
0.16846010406589598,0.333762239582157,-0.8285476577091805,0.43964738831015965,0.5437123740521197,0.545223231658924,0.0,0.0,0.0,0.0,0.0,0.0,0.0,0.0,0.0,0.0,0.0,0.0,0.0,1.5,0.0,0.0,0.0,0.0,1.5
0.21032394702461776,1.3570131582811673,-0.8285476577091805,-0.28624263091409957,1.2336705750126373,-0.4458015020027206,1.5,1.5,0.0,0.0,0.0,0.0,0.0,0.0,0.0,1.5,0.0,1.5,1.5,0.0,0.0,0.0,0.0,0.0,0.0
-4.12258379920308,-0.31271024006101616,-1.2257421244921054,-0.4677151357201644,-0.2736623266349787,-0.2240957450314355,1.5,0.0,0.0,0.0,0.0,0.0,0.0,0.0,0.0,0.0,0.0,0.0,0.0,1.5,0.0,0.0,0.0,0.0,0.0
-0.3443719721784449,-0.294862840316266,-1.2257421244921054,1.3470099123404837,-0.25403503753568213,0.10181171771635361,0.0,0.0,0.0,0.0,0.0,0.0,0.0,0.0,0.0,0.0,0.0,0.0,0.0,0.0,0.0,0.0,0.0,1.5,0.0
-0.31297408995940335,-0.24974857985036972,-1.2257421244921054,0.01621154376267511,-0.12039786694702914,-0.6076467045917588,0.0,0.0,0.0,0.0,0.0,0.0,0.0,0.0,0.0,0.0,0.0,0.0,0.0,0.0,1.5,0.0,1.5,1.5,0.0
0.01147069297069007,-0.16993104210301474,-1.2257421244921054,-0.28624263091409957,-0.03448825728289506,0.006478242218701008,1.5,0.0,0.0,0.0,0.0,0.0,0.0,0.0,0.0,1.5,0.0,1.5,0.0,0.0,0.0,0.0,0.0,0.0,0.0
0.4301091225579068,-0.16993104210301474,-1.2257421244921054,-0.4677151357201644,-0.2143514475534979,-0.4812744231181263,0.0,0.0,0.0,0.0,0.0,0.0,0.0,0.0,0.0,0.0,0.0,0.0,0.0,0.0,1.5,0.0,0.0,0.0,0.0
0.2521877899833395,0.08042831542750863,-1.2257421244921054,-0.10477012610803477,0.25573821431653915,0.3900292017790243,0.0,0.0,0.0,0.0,0.0,0.0,0.0,0.0,0.0,1.5,0.0,0.0,0.0,1.5,0.0,0.0,0.0,0.0,1.5
-0.04085911072771237,-0.004842594464075563,-1.2257421244921054,-0.4072243007848094,0.14751999190566364,0.34790510795448015,1.5,0.0,0.0,0.0,0.0,0.0,0.0,0.0,0.0,0.0,0.0,0.0,0.0,0.0,0.0,1.5,0.0,0.0,0.0
0.46150700477694834,-0.16348614775074383,-1.2257421244921054,-0.4677151357201644,-0.17370258105823344,-0.07776994543038734,1.5,1.5,0.0,0.0,0.0,0.0,0.0,0.0,0.0,0.0,0.0,0.0,0.0,0.0,0.0,0.0,1.5,0.0,0.0
0.45104104403726814,0.6872399067490148,-1.2257421244921054,-0.10477012610803477,0.5882223465997048,0.26365692030539173,1.5,0.0,0.0,0.0,0.0,0.0,0.0,0.0,0.0,1.5,0.0,1.5,0.0,0.0,0.0,0.0,0.0,0.0,0.0
-0.30250812921972314,-0.2175241080890152,-1.2257421244921054,0.137193213633385,-0.17391708695002903,0.6316884768777251,1.5,0.0,0.0,0.0,0.0,0.0,0.0,0.0,0.0,0.0,0.0,0.0,0.0,0.0,0.0,1.5,0.0,0.0,0.0
-0.15598467886419698,-0.14712603131805616,-1.2257421244921054,-0.4677151357201644,-0.19011228178059614,-0.5012279412455419,0.0,1.5,0.0,0.0,0.0,0.0,0.0,0.0,0.0,0.0,0.0,0.0,0.0,1.5,0.0,0.0,0.0,0.0,0.0
-0.2815762077403623,-0.11093547072453497,-1.2257421244921054,-0.3467334658494545,0.027611198391928438,0.2015793083534319,0.0,0.0,1.5,0.0,0.0,0.0,0.0,0.0,0.0,0.0,0.0,0.0,0.0,0.0,1.5,0.0,0.0,1.5,0.0
0.12659626110717423,-0.18430811411961903,-1.2257421244921054,0.25817488350409484,-0.21274265336503093,-0.5633055531975018,0.0,0.0,0.0,0.0,0.0,0.0,0.0,0.0,0.0,0.0,0.0,1.5,0.0,0.0,0.0,0.0,0.0,0.0,0.0
0.3254495151611028,-0.1748886531432231,-1.2257421244921054,-0.4677151357201644,-0.17080675151899294,0.3301686473967773,1.5,1.5,0.0,0.0,0.0,0.0,0.0,0.0,0.0,0.0,0.0,0.0,0.0,0.0,0.0,0.0,0.0,0.0,0.0
0.26265375072302066,-0.2680917406991407,-1.2257421244921054,-0.4677151357201644,-0.24706359605232545,-0.25070043586798973,0.0,0.0,0.0,0.0,0.0,0.0,0.0,0.0,0.0,0.0,0.0,0.0,0.0,1.5,0.0,0.0,1.5,0.0,0.0
0.18939202554525733,-0.22595204685736947,-1.2257421244921054,-0.4072243007848094,0.015920627289068748,0.11511406313463074,1.5,0.0,0.0,0.0,0.0,0.0,0.0,0.0,0.0,0.0,0.0,0.0,0.0,0.0,0.0,0.0,1.5,0.0,0.0
0.28358567220238107,-0.22595204685736947,-1.2257421244921054,0.43964738831015965,-0.11256840189649008,-0.06446760001211023,1.5,0.0,0.0,0.0,0.0,0.0,0.0,0.0,0.0,0.0,0.0,0.0,0.0,1.5,0.0,0.0,0.0,0.0,0.0
-4.12258379920308,-0.313206001165037,-1.2257421244921054,-0.4677151357201644,-0.27462760314805884,-0.4768403079787006,0.0,0.0,0.0,0.0,0.0,0.0,0.0,1.5,0.0,0.0,0.0,0.0,1.5,0.0,0.0,0.0,0.0,0.0,0.0
-4.12258379920308,-0.31271024006101616,-1.2257421244921054,-0.4677151357201644,-0.27473485609395665,-0.48792559582726486,1.5,1.5,0.0,0.0,0.0,0.0,0.0,0.0,0.0,0.0,0.0,0.0,0.0,0.0,0.0,0.0,0.0,0.0,0.0
0.22078990776429888,-0.30725686791678697,-1.2257421244921054,-0.4677151357201644,-0.2715172677170228,0.2392692870385504,0.0,1.5,0.0,0.0,0.0,0.0,0.0,0.0,0.0,0.0,0.0,0.0,0.0,0.0,0.0,0.0,0.0,0.0,0.0
-0.375769854397486,-0.2834603349237867,-1.2257421244921054,-0.3467334658494545,-0.2595049377764697,0.07520702687979941,0.0,0.0,1.5,0.0,0.0,1.5,0.0,0.0,0.0,0.0,0.0,0.0,1.5,0.0,0.0,0.0,0.0,0.0,0.0
0.29405163294206127,-0.3092399123328703,-1.2257421244921054,-0.28624263091409957,-0.270873750041636,-0.6963290073802728,0.0,1.5,0.0,0.0,0.0,1.5,0.0,0.0,0.0,1.5,0.0,0.0,1.5,0.0,0.0,0.0,0.0,0.0,0.0
-1.3177063209687248,-0.3042823012926619,-1.2257421244921054,-0.4072243007848094,-0.2048059353685941,-0.21744457232229697,0.0,0.0,0.0,0.0,0.0,0.0,0.0,0.0,0.0,0.0,0.0,0.0,0.0,0.0,0.0,0.0,0.0,0.0,1.5
0.5033708477356701,-0.2958543625243077,-1.2257421244921054,0.5001382232455147,-0.2620790084780168,0.19049402050486766,0.0,0.0,0.0,0.0,0.0,0.0,0.0,0.0,0.0,0.0,0.0,0.0,0.0,1.5,0.0,0.0,0.0,0.0,0.0
0.2521877899833395,-0.30824839012482863,-1.2257421244921054,-0.4677151357201644,-0.27269705012189854,-0.6032125894523331,0.0,0.0,0.0,0.0,0.0,0.0,0.0,0.0,0.0,0.0,0.0,0.0,0.0,0.0,1.5,0.0,0.0,0.0,0.0
0.19985798628493753,-0.294862840316266,-1.2257421244921054,-0.1652609610433897,-0.2663691263139286,-0.009041160769288951,1.5,1.5,0.0,0.0,0.0,0.0,0.0,0.0,0.0,0.0,0.0,0.0,0.0,0.0,0.0,0.0,0.0,0.0,0.0
0.46150700477694834,-0.2938713181082243,-1.2257421244921054,-0.4677151357201644,-0.2626152732075058,-0.17532047849775279,1.5,1.5,0.0,0.0,0.0,0.0,0.0,0.0,0.0,0.0,0.0,0.0,0.0,0.0,0.0,0.0,0.0,0.0,0.0
0.5347687299547117,1.4978093118230855,-1.2257421244921054,-0.10477012610803477,0.8372636869743856,0.4365874107429941,1.5,0.0,0.0,0.0,0.0,0.0,0.0,0.0,0.0,0.0,0.0,0.0,0.0,0.0,0.0,0.0,0.0,0.0,0.0
0.335915475900783,0.6391510796589934,-1.2257421244921054,0.137193213633385,0.6073133709695124,0.49866502269495405,1.5,0.0,0.0,0.0,0.0,0.0,0.0,0.0,0.0,0.0,0.0,0.0,0.0,0.0,0.0,1.5,0.0,0.0,0.0
0.04286857518973116,0.5563589752875134,-1.2257421244921054,-0.28624263091409957,0.7627228895754179,-0.2573516085771283,0.0,0.0,0.0,0.0,0.0,0.0,0.0,0.0,0.0,1.5,0.0,1.5,0.0,0.0,0.0,0.0,0.0,0.0,0.0
0.06380049666909204,-0.30874415122884946,-1.2257421244921054,-0.4677151357201644,-0.27194627950061395,-0.665290201404293,0.0,0.0,1.5,0.0,0.0,1.5,0.0,0.0,0.0,0.0,0.0,0.0,1.5,0.0,0.0,0.0,0.0,0.0,0.0
0.21032394702461776,-0.310231434540912,-1.2257421244921054,-0.4677151357201644,-0.27269705012189854,0.05968762389180944,0.0,0.0,0.0,0.0,0.0,0.0,0.0,0.0,0.0,0.0,0.0,0.0,0.0,0.0,1.5,0.0,1.5,1.5,0.0
0.22078990776429888,-0.28098152940368254,-1.2257421244921054,-0.4677151357201644,-0.2580033965339006,0.3434709928150544,0.0,0.0,0.0,0.0,0.0,0.0,0.0,0.0,0.0,0.0,0.0,0.0,0.0,1.5,0.0,0.0,0.0,0.0,1.5
0.021936653710370277,-0.264125651866974,-1.2257421244921054,-0.4072243007848094,-0.18045951664979454,-0.34159979622621667,0.0,1.5,0.0,0.0,0.0,0.0,0.0,0.0,0.0,1.5,0.0,0.0,0.0,1.5,0.0,0.0,0.0,0.0,0.0
0.4824389262563097,-0.2636298907629532,-1.2257421244921054,-0.4677151357201644,-0.2485651372948946,0.3900292017790243,1.5,0.0,1.5,0.0,0.0,0.0,0.0,0.0,0.0,0.0,0.0,0.0,0.0,0.0,0.0,0.0,0.0,0.0,0.0
0.22078990776429888,-0.23735455224984875,-1.2257421244921054,-0.04427929117267983,-0.19386613488701898,-0.10659169383665441,1.5,1.5,0.0,0.0,0.0,0.0,0.0,0.0,0.0,0.0,0.0,0.0,0.0,0.0,0.0,0.0,0.0,0.0,0.0
-0.43856561883556866,-0.2720578295313074,-1.2257421244921054,-0.4072243007848094,-0.25221173745541964,-0.09772346355780301,1.5,0.0,0.0,0.0,0.0,0.0,0.0,0.0,0.0,0.0,0.0,0.0,0.0,0.0,0.0,1.5,0.0,0.0,0.0
-0.18738256108323853,-0.27255359063532825,-1.2257421244921054,-0.4677151357201644,-0.25178272567182847,0.4565409288704098,0.0,0.0,0.0,0.0,0.0,0.0,0.0,0.0,0.0,0.0,0.0,0.0,0.0,1.5,0.0,0.0,0.0,0.0,1.5
0.44057508329758793,-0.2938713181082243,-1.2257421244921054,1.7704457568879683,-0.26540384980084847,-0.6009955318826203,1.5,0.0,0.0,0.0,0.0,0.0,0.0,0.0,0.0,0.0,0.0,0.0,0.0,0.0,0.0,0.0,0.0,0.0,0.0
-0.8676700091624665,-0.2998204513564744,-1.2257421244921054,-0.4072243007848094,-0.22668553633174435,0.3368198201059158,0.0,1.5,0.0,0.0,0.0,0.0,0.0,0.0,0.0,0.0,0.0,0.0,0.0,1.5,0.0,0.0,0.0,0.0,1.5
0.44057508329758793,-0.012279011024388138,-1.2257421244921054,0.6816107280515795,0.042519357871721994,-0.0932893484183773,0.0,0.0,0.0,0.0,0.0,0.0,0.0,0.0,0.0,1.5,0.0,0.0,0.0,0.0,0.0,0.0,1.5,0.0,1.5
0.15799414332621578,-0.2056258415925151,-1.2257421244921054,-0.4677151357201644,-0.17863621656953202,-0.19749105419488133,1.5,0.0,0.0,0.0,0.0,0.0,0.0,0.0,0.0,0.0,0.0,0.0,0.0,0.0,0.0,0.0,0.0,0.0,0.0
0.15799414332621578,-0.004842594464075563,-1.2257421244921054,0.01621154376267511,0.007983909292631892,-0.013475275908714654,0.0,0.0,1.5,0.0,0.0,0.0,0.0,0.0,0.0,0.0,0.0,0.0,0.0,0.0,1.5,0.0,0.0,0.0,0.0
0.0010047322310093967,0.008542955344487072,-1.2257421244921054,-0.4072243007848094,0.22334782465540495,0.03751704819468093,1.5,0.0,0.0,0.0,0.0,0.0,0.0,0.0,0.0,0.0,0.0,0.0,0.0,0.0,0.0,1.5,0.0,0.0,0.0
-4.12258379920308,-0.313206001165037,-1.2257421244921054,-0.4677151357201644,-0.27473485609395665,-0.5633055531975018,1.5,0.0,1.5,0.0,0.0,0.0,0.0,0.0,0.0,0.0,0.0,0.0,0.0,0.0,0.0,0.0,0.0,0.0,0.0
0.46150700477694834,-0.30725686791678697,-1.2257421244921054,-0.4677151357201644,-0.27055199120394263,-0.1841887087766042,0.0,0.0,0.0,0.0,0.0,0.0,0.0,0.0,1.5,0.0,0.0,0.0,0.0,0.0,0.0,0.0,0.0,0.0,0.0
-4.12258379920308,-0.3137017622690578,-1.2257421244921054,-0.4677151357201644,-0.2736623266349787,-0.558871438058076,1.5,0.0,0.0,0.0,0.0,0.0,0.0,0.0,0.0,0.0,0.0,0.0,0.0,0.0,0.0,1.5,0.0,0.0,0.0
0.4301091225579068,-0.29833316804441184,-1.2257421244921054,2.072899931564743,-0.26325879088289256,0.5075332529738054,0.0,0.0,0.0,0.0,0.0,0.0,0.0,0.0,0.0,0.0,0.0,0.0,0.0,0.0,0.0,0.0,0.0,0.0,1.5
-4.12258379920308,-0.31221447895699533,-1.2257421244921054,-0.4072243007848094,-0.2647603321254617,-0.20192516933430704,0.0,0.0,0.0,0.0,0.0,0.0,0.0,0.0,0.0,0.0,0.0,0.0,0.0,0.0,0.0,0.0,0.0,0.0,1.5
0.4091772010785464,-0.21603682477695269,-1.2257421244921054,-0.4677151357201644,-0.2251839950891752,-0.34159979622621667,0.0,0.0,0.0,0.0,0.0,0.0,0.0,0.0,0.0,0.0,0.0,0.0,0.0,1.5,0.0,0.0,0.0,0.0,0.0
0.3673133581198246,-0.11886764838886839,-1.2257421244921054,-0.4677151357201644,-0.18968326999700494,0.0020441270792753053,1.5,1.5,0.0,0.0,0.0,0.0,0.0,0.0,0.0,0.0,0.0,0.0,0.0,0.0,0.0,0.0,0.0,0.0,0.0
-0.030393149988031692,-0.23388422452170288,-1.2257421244921054,0.6816107280515795,-0.22346794795481048,-0.4967938261061162,1.5,1.5,0.0,0.0,0.0,0.0,0.0,0.0,0.0,0.0,0.0,0.0,0.0,0.0,0.0,0.0,0.0,0.0,0.0
0.3045175936817424,-0.19967670834426504,-1.2257421244921054,0.01621154376267511,-0.13208843804988885,0.03086587548554237,0.0,0.0,0.0,0.0,0.0,0.0,0.0,0.0,0.0,0.0,0.0,0.0,0.0,1.5,0.0,0.0,0.0,0.0,0.0
-0.42809965809588846,-0.0519398993460552,-1.2257421244921054,-0.28624263091409957,0.22731618365362338,0.09737760257692792,1.5,1.5,0.0,0.0,0.0,0.0,0.0,0.0,0.0,1.5,0.0,1.5,1.5,0.0,0.0,0.0,0.0,0.0,0.0
-0.25017832552132074,-0.2894094681720368,-1.2257421244921054,-0.3467334658494545,-0.1420629620183838,-0.4036774081781765,0.0,1.5,0.0,0.0,0.0,0.0,0.0,0.0,0.0,1.5,0.0,0.0,0.0,1.5,0.0,0.0,0.0,0.0,0.0
0.19985798628493753,0.13843236459794672,-1.2257421244921054,-0.04427929117267983,0.18044664629628682,0.44988975616127125,1.5,0.0,0.0,0.0,0.0,0.0,0.0,0.0,0.0,0.0,0.0,0.0,0.0,0.0,0.0,1.5,0.0,0.0,0.0
0.29405163294206127,-0.11886764838886839,-1.2257421244921054,-0.10477012610803477,0.03233032801143144,0.3168663019785002,0.0,0.0,0.0,0.0,0.0,0.0,0.0,0.0,0.0,0.0,0.0,0.0,0.0,0.0,0.0,0.0,0.0,0.0,1.5
0.07426645740877225,0.3178978842534902,-1.2257421244921054,-0.22575179597874465,0.4084664092749997,0.18605990536544195,0.0,1.5,0.0,0.0,0.0,0.0,0.0,0.0,0.0,1.5,0.0,0.0,1.5,0.0,0.0,0.0,0.0,0.0,0.0
0.10566433962781381,0.16966531415125954,-1.2257421244921054,-0.22575179597874465,0.6152500889659492,0.11067994799520503,1.5,0.0,0.0,0.0,0.0,0.0,0.0,0.0,0.0,0.0,0.0,1.5,0.0,0.0,0.0,0.0,0.0,0.0,0.0
0.0951983788881336,-0.016740860960575685,-1.2257421244921054,-0.4072243007848094,0.15502769811850933,0.07298996931008654,1.5,0.0,0.0,0.0,0.0,0.0,0.0,0.0,0.0,1.5,0.0,0.0,0.0,0.0,0.0,1.5,0.0,0.0,0.0
-0.43856561883556866,-0.12184221501299342,-1.2257421244921054,-0.22575179597874465,0.09925616625165573,0.5297038286709339,1.5,1.5,0.0,0.0,0.0,0.0,0.0,0.0,0.0,1.5,0.0,1.5,0.0,0.0,0.0,0.0,0.0,0.0,0.0
0.47197296551662854,0.9509848140881008,-1.2257421244921054,-0.22575179597874465,0.6179314126133941,-0.31277804781994956,1.5,1.5,0.0,0.0,0.0,0.0,0.0,0.0,0.0,1.5,0.0,1.5,1.5,0.0,0.0,0.0,0.0,0.0,0.0
0.38824527959918503,0.70211273986964,-1.2257421244921054,-0.1652609610433897,0.6522523553006887,0.49866502269495405,1.5,0.0,0.0,0.0,0.0,0.0,0.0,0.0,0.0,0.0,0.0,0.0,0.0,0.0,0.0,1.5,0.0,0.0,0.0
-0.3862358151371667,-0.310231434540912,-1.2257421244921054,-0.4677151357201644,-0.2735550736890809,-0.3792897749113351,0.0,0.0,0.0,1.5,1.5,0.0,0.0,0.0,0.0,0.0,0.0,0.0,0.0,0.0,0.0,0.0,0.0,0.0,0.0
-0.08272295368643413,-0.30676110681276614,-1.2257421244921054,-0.4677151357201644,-0.2696939676367603,-0.4967938261061162,0.0,0.0,0.0,0.0,0.0,0.0,0.0,0.0,1.5,0.0,0.0,0.0,0.0,0.0,0.0,0.0,0.0,0.0,0.0
0.4091772010785464,-0.30874415122884946,-1.2257421244921054,-0.4677151357201644,-0.270873750041636,0.4454556410218456,0.0,0.0,1.5,0.0,0.0,0.0,0.0,0.0,0.0,0.0,0.0,0.0,0.0,0.0,0.0,1.5,0.0,0.0,0.0
0.335915475900783,-0.28693066265193257,-1.2257421244921054,-0.3467334658494545,-0.21949958895659205,0.0020441270792753053,1.5,0.0,0.0,0.0,0.0,0.0,0.0,0.0,0.0,1.5,0.0,0.0,0.0,0.0,0.0,1.5,0.0,0.0,0.0
0.07426645740877225,-0.2314054190015987,-1.2257421244921054,-0.4677151357201644,-0.16930521027642384,-0.07333583029096163,0.0,0.0,0.0,0.0,0.0,0.0,0.0,0.0,0.0,0.0,0.0,0.0,0.0,0.0,1.5,0.0,0.0,0.0,0.0
0.0010047322310093967,-0.2819730516117242,-1.2257421244921054,-0.4677151357201644,-0.2568236141290248,-0.013475275908714654,1.5,0.0,0.0,0.0,0.0,0.0,0.0,0.0,0.0,0.0,0.0,1.5,0.0,0.0,0.0,0.0,0.0,0.0,0.0
0.14752818258653558,-0.3018034957725577,-1.2257421244921054,-0.4677151357201644,-0.2671198969352132,-0.40589446574788934,0.0,0.0,0.0,0.0,0.0,0.0,0.0,0.0,0.0,0.0,0.0,0.0,0.0,1.5,0.0,0.0,0.0,0.0,1.5
0.3045175936817424,-0.20513008048849427,-1.2257421244921054,-0.4072243007848094,-0.03491726906648625,0.2592228051659661,1.5,0.0,0.0,0.0,0.0,0.0,0.0,0.0,0.0,0.0,0.0,0.0,0.0,0.0,0.0,0.0,0.0,0.0,0.0
-0.07225699294675346,-0.25718499641068227,-1.2257421244921054,-0.3467334658494545,-0.20652198250295883,0.23483517189912467,1.5,0.0,0.0,0.0,0.0,0.0,0.0,0.0,0.0,0.0,0.0,0.0,0.0,0.0,0.0,0.0,0.0,0.0,0.0
0.46150700477694834,0.3749104112158866,-1.2257421244921054,-0.1652609610433897,0.4476137345276951,0.6006496709017451,1.5,0.0,0.0,0.0,0.0,0.0,0.0,0.0,0.0,0.0,0.0,0.0,0.0,0.0,0.0,1.5,0.0,0.0,0.0
0.3463814366404632,-0.27701544057151584,-1.2257421244921054,-0.3467334658494545,-0.25414229048157994,0.26587397787510464,1.5,1.5,0.0,0.0,0.0,0.0,0.0,0.0,0.0,0.0,0.0,0.0,0.0,0.0,0.0,0.0,0.0,0.0,1.5
0.45104104403726814,-0.18182930859951485,-1.2257421244921054,-0.1652609610433897,-0.09969804838875464,0.37672685636074715,0.0,1.5,0.0,0.0,0.0,0.0,0.0,0.0,0.0,0.0,0.0,0.0,0.0,1.5,0.0,0.0,0.0,0.0,0.0
